-- phpMyAdmin SQL Dump
-- version 4.8.0.1
-- https://www.phpmyadmin.net/
--
-- Host: localhost
-- Generation Time: Oct 04, 2018 at 04:53 PM
-- Server version: 10.1.32-MariaDB
-- PHP Version: 5.6.36

SET SQL_MODE = "NO_AUTO_VALUE_ON_ZERO";
SET AUTOCOMMIT = 0;
START TRANSACTION;
SET time_zone = "+00:00";


/*!40101 SET @OLD_CHARACTER_SET_CLIENT=@@CHARACTER_SET_CLIENT */;
/*!40101 SET @OLD_CHARACTER_SET_RESULTS=@@CHARACTER_SET_RESULTS */;
/*!40101 SET @OLD_COLLATION_CONNECTION=@@COLLATION_CONNECTION */;
/*!40101 SET NAMES utf8mb4 */;

--
-- Database: `foodle`
--

-- --------------------------------------------------------

--
-- Table structure for table `menu`
--

CREATE TABLE `menu` (
  `rest_id` int(11) NOT NULL,
  `category` varchar(20) NOT NULL,
  `item_name` varchar(25) NOT NULL,
  `price` smallint(5) UNSIGNED NOT NULL
) ENGINE=InnoDB DEFAULT CHARSET=latin1;

-- --------------------------------------------------------

--
-- Table structure for table `person`
--

CREATE TABLE `person` (
  `user_id` varchar(15) NOT NULL,
  `pwd` varchar(15) NOT NULL,
  `fname` varchar(15) NOT NULL,
  `lname` varchar(15) DEFAULT NULL,
  `email` varchar(25) NOT NULL,
  `contact` bigint(10) NOT NULL,
  `role` varchar(15) NOT NULL
) ENGINE=InnoDB DEFAULT CHARSET=latin1;

--
-- Dumping data for table `person`
--

INSERT INTO `person` (`user_id`, `pwd`, `fname`, `lname`, `email`, `contact`, `role`) VALUES
('aditya25', 'Aditya25', 'Aditya', 'Pandey', 'adityapandey@gmail.com', 8745632189, 'Customer'),
('ankita03', 'Ankita03', 'Ankita', 'Tiwari', 'ankitatiwari@gmail.com', 7887459632, 'Receptionist'),
('dharmik20', 'Dharmik20', 'Dharmik', 'Joshi', 'dharmikjoshi@gmail.com', 8552631457, 'Customer'),
('harsh07', 'Harsh07', 'Harsh', 'Gandhi', 'harshgandhi@gmail.com', 8745236984, 'Customer'),
('harshpatel23', 'Harsh123', 'Harsh', 'Patel', 'harsh.patel4@somaiya.edu', 4521478569, 'Customer'),
('jash24', 'Jash24', 'Jash', 'Mehta', 'jashmehta@gmail.com', 8569996587, 'Customer'),
('kiran08', 'Kiran08', 'Kiran', 'Kanchan', 'kirankanchan@gmail.com', 7415523654, 'Manager'),
('milan23', 'Milan23', 'Milan', 'Barot', 'milanbarot@gmail.com', 7854412541, 'Receptionist'),
('murtaza20', 'Murtaza123', 'Murtaza', 'Patrawala', 'murtaza.p@somaiya.edu', 9855589642, 'Customer'),
('ojaskapre12', 'Ojas123', 'Ojas', 'Kapre', 'ojas.kapre@somaiya.edu', 7441252365, 'Receptionist'),
('prithvi23', 'Prithvi23', 'Prithvi', 'Kunder', 'prithvikunder@gmail.com', 7741235698, 'Receptionist'),
('priyeshpatel20', 'Priyesh123', 'Priyesh', 'Patel', 'priyesh.patel@somaiya.edu', 8546321478, 'Customer'),
('rishik21', 'Rishik21', 'Rishik', 'Kabra', 'rishikkabra@gmail.com', 9632565255, 'Manager'),
('shakti18', 'Shakti18', 'Shakti', 'Singh', 'shaktisingh@gmail.com', 7856932145, 'Customer'),
('shifa10', 'Shifa10', 'Shifa', 'Khan', 'shifakhan@gmail.com', 5225698745, 'Customer'),
('tanayraul01', 'Tanay123', 'Tanay', 'Raul', 'tanay.raul@somaiya.edu', 1236547896, 'Manager');

-- --------------------------------------------------------

--
-- Table structure for table `reservations`
--

CREATE TABLE `reservations` (
  `resv_id` int(10) UNSIGNED NOT NULL,
  `rest_id` int(11) NOT NULL,
  `user_id` varchar(15) NOT NULL,
  `date_time` datetime NOT NULL,
  `no_of_ppl` tinyint(3) UNSIGNED NOT NULL
) ENGINE=InnoDB DEFAULT CHARSET=latin1;

-- --------------------------------------------------------

--
-- Table structure for table `rest`
--

CREATE TABLE `rest` (
  `rest_id` int(11) NOT NULL,
  `rest_name` varchar(50) NOT NULL,
  `rest_addr` varchar(300) NOT NULL,
  `rest_cuisine` varchar(50) NOT NULL,
  `rating` float NOT NULL,
  `cost` int(11) NOT NULL,
  `start_time` time DEFAULT '08:00:00',
  `end_time` time DEFAULT '23:00:00',
  `rating_count` int(11) DEFAULT '7',
  `mgr_id` varchar(15) DEFAULT NULL,
  `rec_id` varchar(15) DEFAULT NULL,
  `latitude` double NOT NULL,
  `longitude` double NOT NULL
) ENGINE=InnoDB DEFAULT CHARSET=latin1;

--
-- Dumping data for table `rest`
--

INSERT INTO `rest` (`rest_id`, `rest_name`, `rest_addr`, `rest_cuisine`, `rating`, `cost`, `start_time`, `end_time`, `rating_count`, `mgr_id`, `rec_id`, `latitude`, `longitude`) VALUES
(225, 'Veda', 'S-8, Palladium, Phoenix Mill, Compound  462, Senapati Bapat Marg, Lower Parel, Mumbai, Lower Parel, South Central, 400013', 'North Indian', 4.5, 900, '08:00:00', '23:00:00', 7, NULL, NULL, 0, 0),
(241, 'Cool Chef Cafe', 'Thadani House,Worli Village, Worli, Mumbai, Worli, South Central, 400030', 'none', 4.4, 700, '08:00:00', '23:00:00', 7, NULL, NULL, 0, 0),
(260, 'Pot Pourri', 'Inorbit Mall, 51 & 52, Ground Floor, Sector 30A, Vashi, Navi Mumbai, 400703', 'Continental,Mexican,American', 3.4, 400, '08:00:00', '23:00:00', 7, NULL, NULL, 0, 0),
(261, 'Soy Street', 'Inorbit Mall, 1st Floor, Sector 30 A, Vashi, Navi Mumbai, 400703', 'Chinese,Seafood', 4.2, 1300, '08:00:00', '23:00:00', 7, NULL, NULL, 0, 0),
(263, 'Soul', 'SAB TV Lane, Off Link Road,  Andheri West, Mumbai, Andheri West, Western Suburbs, 400102', 'none', 4.4, 1300, '08:00:00', '23:00:00', 7, NULL, NULL, 0, 0),
(281, 'Mangiamo-Bandra(W)', '11/1, Kalpak Corner Building, Turner Road,Bandra(W),Mumbai - 400050, Bandra West, Bandra, 400050', 'none', 4.5, 1200, '08:00:00', '23:00:00', 7, NULL, NULL, 0, 0),
(284, 'Bottle Bar', '6/8, Ambala Joshi Marg, Hamam Street, Rajbahadur Mansion, Fort, South Mumbai, 400001', 'North Indian,Italian', 4, 1100, '08:00:00', '23:00:00', 7, NULL, NULL, 0, 0),
(291, 'Moksh Restobar', '1st Floor, B Wing, 247 Park, Hincon House, LBS Marg, Vikhroli West, Central Mumbai, 400083', 'North Indian,Continental,Asian,Mughlai', 4.1, 900, '08:00:00', '23:00:00', 7, NULL, NULL, 0, 0),
(300, 'Shockk', '5th Floor, Crystal Shoppers Paradise, Off Linking Road, 33rd Road, Bandra West, Mumbai, Bandra West, Bandra, 400052', 'none', 3.2, 1200, '08:00:00', '23:00:00', 7, NULL, NULL, 0, 0),
(306, 'Gusto Kitchen & Bar', 'Greenfields Apartments, Opposite HDFC Bank, Lokhandwala Market, Andheri West, Mumbai, Andheri Lokhandwala, North Western, 400047', 'none', 3.1, 1300, '08:00:00', '23:00:00', 7, NULL, NULL, 0, 0),
(307, 'Formaggio - Kemps Corner', '6 A, B Block, Khalakdina Terrace, August Kranti Marg, Kemps Corner, Mumbai, Kemps Corner, South Mumbai, 400007', 'North Indian,Italian,Lebanese', 4.8, 1300, '08:00:00', '23:00:00', 7, NULL, NULL, 0, 0),
(309, 'Ellipsis de-list', 'B-1, Amarchand Mansion, 16 Madame Cama Road, Colaba, South Mumbai, 400001', 'European,American', 3.6, 1000, '08:00:00', '23:00:00', 7, NULL, NULL, 0, 0),
(315, 'Cu Lounge Bar - Beatle', 'The Beatle, JMJ House, Orchard Avenue, Hiranandani Gardens, Powai, Mumbai, Powai, Eastern Suburbs, 400076', 'North Indian,Italian', 4.9, 700, '08:00:00', '23:00:00', 7, NULL, NULL, 0, 0),
(320, 'Drunken Munkey', '9/10, Bharat Ark, Veera Desai Road, Next to ICICI Bank, Andheri West, Mumbai, Andheri West, Western Suburbs, 400047', 'none', 4.6, 900, '08:00:00', '23:00:00', 7, NULL, NULL, 0, 0),
(322, 'Formaggio - Kandivali', '24, Vasant Marvel, Western Express Highway, Kandivali East, Mumbai, Kandivali East, North Western, 400066', 'none', 5, 1000, '08:00:00', '23:00:00', 7, NULL, NULL, 0, 0),
(344, 'Cafe Royal', 'Indian Mercantile Mansion, 166, Colaba, South Mumbai, 400001', 'North Indian,Italian,Continental,Mexican', 3.8, 500, '08:00:00', '23:00:00', 7, NULL, NULL, 0, 0),
(349, 'Headquarters', 'Indian Mercantile Mansion, 166, Colaba, South Mumbai, 400001', 'North Indian,Italian,Continental', 3.5, 600, '08:00:00', '23:00:00', 7, NULL, NULL, 0, 0),
(360, 'Vinoteca By Sula', 'Ground Floor, Sunville Building, Dr Annie Besant Road, Worli, Mumbai, Worli, South Central, 400018', 'none', 4.3, 1100, '08:00:00', '23:00:00', 7, NULL, NULL, 0, 0),
(365, 'Del Fresco Cantina', 'ONGC lane, Near Candies, Bandra Reclamation, Bandra West, Mumbai, Bandra West, Bandra, 400050', 'none', 3.7, 500, '08:00:00', '23:00:00', 7, NULL, NULL, 0, 0),
(375, 'The Yellow Chilli', 'Viviana Mall, 2nd Floor, Thane West, Central Mumbai, 400606', 'North Indian,Seafood', 4.5, 1400, '08:00:00', '23:00:00', 7, NULL, NULL, 0, 0),
(377, 'Horn Ok Please!', '47, Gulmohar Road, Juhu Scheme, Mumbai, Juhu, Western Suburbs, 400058', 'North Indian,Chinese', 4.9, 800, '08:00:00', '23:00:00', 7, NULL, NULL, 0, 0),
(381, 'Tornado', '1st Floor, Platinum Technopark, Behind Raghuleela Mall, Near Vashi Railway Station, Vashi, Navi Mum, Vashi, Navi Mumbai, 400703', 'Continental', 4.1, 900, '08:00:00', '23:00:00', 7, NULL, NULL, 0, 0),
(383, 'Saffron Bay', '39B, Chowpatty Seaface, Charni Road, Mumbai, Charni Road, South Mumbai, 400021', 'none', 3.1, 800, '08:00:00', '23:00:00', 7, NULL, NULL, 0, 0),
(384, 'Saffron Bay Rooftop', '39B, Chowpatty Seaface, Charni Road, Mumbai, Girgaum, South Mumbai, 400021', 'none', 4.5, 500, '08:00:00', '23:00:00', 7, NULL, NULL, 0, 0),
(388, 'Busaba - Lower Parel', 'Mathuradas Mill Compound, NM Joshi Marg, Lower Parel, Mumbai, Lower Parel, South Central, 400013', 'none', 4, 900, '08:00:00', '23:00:00', 7, NULL, NULL, 0, 0),
(390, 'Busaba', '4, Mandlik Road, Next to Indigo, Colaba, South Mumbai, 400001', 'Chinese,Thai,Vietnamese,Burmese', 4.9, 1400, '08:00:00', '23:00:00', 7, NULL, NULL, 0, 0),
(395, 'Zitar', 'G1 To G3 Ventura, Hiranandani Gardens, Powai, Mumbai, Powai, Eastern Suburbs, 400076', 'none', 3.2, 600, '08:00:00', '23:00:00', 7, NULL, NULL, 0, 0),
(398, 'Asia 7', '3rd Floor, Palladium Mall, Senapati Bapat Marg, Lower Parel, Mumbai , Lower Parel, South Central, 400013', 'Asian', 4.5, 800, '08:00:00', '23:00:00', 7, NULL, NULL, 0, 0),
(405, 'Irish Pub', 'Ramee Guestline Hotel, 757, SV Road, Khar, Mumbai, Khar West, Bandra, 400052', 'North Indian', 4.5, 1300, '08:00:00', '23:00:00', 7, NULL, NULL, 0, 0),
(409, 'Kurry Club', '5, Ground Floor, Indian Mercantile Mansion Building, Madam Cama Road, Opposite Regal Cinema, Colaba,, Colaba, South Mumbai, 400001', 'Seafood,Mangalorean', 4.1, 1200, '08:00:00', '23:00:00', 7, NULL, NULL, 0, 0),
(416, 'The Golconda Bowl - Vile Parle West', '48, 1st Floor, Above CCD, JVPD Scheme, Vile Parle West, Mumbai, Juhu, Western Suburbs, 400058', 'Hyderabadi', 3.1, 600, '08:00:00', '23:00:00', 7, NULL, NULL, 0, 0),
(421, 'Raaga Bar & Kitchen - Sea Palace Hotel', 'Sea Palace Hotel, PJ Ramchandani Marg, Apollo Bunder, Colaba, South Mumbai, 400001', 'North Indian,Chinese,Continental', 3, 1200, '08:00:00', '23:00:00', 7, NULL, NULL, 0, 0),
(422, 'Crimson - Regenza By Tunga', 'Plot No.37, Sector 30-A, Vashi, Navi Mumbai, Mumbai - 400703, Vashi, Navi Mumbai, 400703', 'North Indian,Continental', 4.3, 400, '08:00:00', '23:00:00', 7, NULL, NULL, 0, 0),
(424, 'Aoi', '1, Gloria, St John Baptist Road, Near Mount Mary Steps, Bandra West, Mumbai, Bandra West, Bandra, 400050', 'Japanese,Asian', 3.2, 1100, '08:00:00', '23:00:00', 7, NULL, NULL, 0, 0),
(433, 'Vicinia', 'Ground Floor, Chinoy Mansion, Near Gangar Opticians, Kemps Corner, Mumbai, Kemps Corner, South Mumbai, 400026', 'European,American', 3.7, 500, '08:00:00', '23:00:00', 7, NULL, NULL, 0, 0),
(460, 'Lagerbay', '183, Waterfield Road, Bandra Talao, Bandra West, Mumbai, Bandra West, Bandra, 400050', 'Continental,American', 4.9, 1100, '08:00:00', '23:00:00', 7, NULL, NULL, 0, 0),
(494, 'The Society - The Ambassador Hotel', 'The Ambassador Hotel, Veer Nariman Road, Churchgate, South Mumbai, 400020', 'North Indian,Italian,Continental,Seafood', 3.3, 300, '08:00:00', '23:00:00', 7, NULL, NULL, 0, 0),
(498, 'Lemon Grass', 'Hotel Bahri Residency, 2nd Floor, Opposite K-Star Mall, Sion Trombay Road, Chembur, Central Mumbai, 400071', 'Chinese,Thai,Asian,Burmese,Malaysian', 4.9, 600, '08:00:00', '23:00:00', 7, NULL, NULL, 0, 0),
(500, 'Delhi Darbar Fusion', 'Sun Magnetica Building, 2nd Floor, Louis Wadi, Thane West, Central Mumbai, 400604', 'North Indian,Chinese,Continental', 4.5, 1100, '08:00:00', '23:00:00', 7, NULL, NULL, 0, 0),
(543, 'Under the Banyan Tree', '34/A, Sophia College Lane, Peddar Road, South Mumbai, 400026', 'Italian,Finger Food', 5, 900, '08:00:00', '23:00:00', 7, NULL, NULL, 0, 0),
(584, 'Amity Multi Cuisine Restaurant', 'Netaji Plaza, 2, 3 & 4th Floor, New Mumbai Road, Vinayaka Nagar, Gachibowli, West Hyderabad, 500032', 'North Indian,Chinese,Mughlai', 4.7, 1000, '08:00:00', '23:00:00', 7, NULL, NULL, 0, 0),
(593, 'Clove Lounge_old', '1st floor, Sentinel Building, Hiranandani gardens,  Powai, Mumbai - 400 076  (Opposite Powai Plaza), Powai, Eastern Suburbs, 400076', 'none', 3.2, 500, '08:00:00', '23:00:00', 7, NULL, NULL, 0, 0),
(612, 'Chops Away', 'Shop 1-2, 162/B, Pathan Chawl, Ganpatrao Kadam Marg,?Lower Parel, Mumbai - 400013, Lower Parel, South Central, 400013', 'Chinese,Thai', 4.5, 700, '08:00:00', '23:00:00', 7, NULL, NULL, 0, 0),
(613, 'Yanki Sizzlers', 'Near Shreenath Hyundai, Near Infiniti Mall, Off New Link Road,?Andheri Lokhandwala, Andheri West, Mumbai. , Andheri Lokhandwala, North Western, 400102', 'Italian,Chinese,Continental', 3.5, 1500, '08:00:00', '23:00:00', 7, NULL, NULL, 0, 0),
(615, 'SBX - Sports Box Cafe', 'Neptune Magnet Mall, 3rd Floor, LBS Marg, Bhandup West, Central Mumbai, 400078', 'Chinese,Continental', 3.8, 1000, '08:00:00', '23:00:00', 7, NULL, NULL, 0, 0),
(620, 'YE OL Watering Hole', 'Ground Floor, Boolani Estate, Opposite Citymall, Link Road,?Andheri West, Mumbai , Andheri West, Western Suburbs, 400047', 'North Indian,Chinese', 4.2, 500, '08:00:00', '23:00:00', 7, NULL, NULL, 0, 0),
(634, 'Sancho?s', 'M.B. Marg, Apollo Bandar, Colaba, Mumbai, Colaba, South Mumbai, 400001', 'Mexican', 3.2, 1000, '08:00:00', '23:00:00', 7, NULL, NULL, 0, 0),
(684, 'West 1 & Aqua Poolside - The Park', 'The Park, No 1 Sector 10 CBD Belapur, Navi Mumbai , CBD-Belapur, Navi Mumbai, 400614', 'North Indian,Continental', 3.1, 300, '08:00:00', '23:00:00', 7, NULL, NULL, 0, 0),
(685, 'Aab o Daana', '1st Pasta Lane, Narayan Building, Apollo Bandar, Colaba, South Mumbai, 400005', 'North Indian,Chinese,Seafood,Arabian,Mughlai', 4.7, 1400, '08:00:00', '23:00:00', 7, NULL, NULL, 0, 0),
(721, 'Waters - Pub & Grill', '36/37 Nirmal Avior, LBS Marg, Mulund West, Central Mumbai, 400080', 'North Indian,Italian,Continental,Mexican,American', 3.2, 900, '08:00:00', '23:00:00', 7, NULL, NULL, 0, 0),
(723, 'Byblos Kitchen + Bar', '462, High Street Phoenix, Senapati Bapat Marg, Lower Parel, Mumbai , Lower Parel, South Central, 400013', 'Mediterranean', 3.1, 500, '08:00:00', '23:00:00', 7, NULL, NULL, 0, 0),
(725, 'Rude Lounge', 'Cosmos Heritage Complex, 2, 1st Floor, Manpada, Tikujini Wadi Road, Thane West, Central Mumbai, 400607', 'Finger Food,North Indian,Continental', 4.5, 500, '08:00:00', '23:00:00', 7, NULL, NULL, 0, 0),
(726, 'Sanika - Hotel Kalasagar', 'Hotel Kalasagar, P-4, Mumbai-Pune Road, Kasarwadi, Pimpri, West Pune, 411026', 'North Indian,Chinese', 4.1, 1100, '08:00:00', '23:00:00', 7, NULL, NULL, 0, 0),
(738, 'The Brasserie - Hilton Mumbai International Airpor', 'Hilton Mumbai International Airport, Sahar Airport Road, Andheri East, Eastern Suburbs, 400059', 'Multi-Cuisine,North Indian,Italian,Continental,Med', 4.6, 1300, '08:00:00', '23:00:00', 7, NULL, NULL, 0, 0),
(749, 'Py Bar & Bistro', '2nd Floor, 201, Hubtown Skybay, Bhulabhai Desai Road, Breach Candy, South Mumbai, 400026', 'European,Italian,Continental,Mediterranean', 3.8, 1100, '08:00:00', '23:00:00', 7, NULL, NULL, 0, 0),
(750, 'Hotel Marine Plaza', 'Hotel Marine Plaza, 29, Marine Drive, Churchgate, South Mumbai, 400020', 'North Indian,Italian,Chinese,Continental,Desserts', 3.4, 600, '08:00:00', '23:00:00', 7, NULL, NULL, 0, 0),
(751, 'Dhaba NH03 - Hotel Lerida', 'Hotel Lerida, Ground Floor, Saibaba Road, Eastern Express Highway, Majiwada, Thane West, Thane West, Central Mumbai, 400601', 'North Indian,Maharashtrian', 5, 700, '08:00:00', '23:00:00', 7, NULL, NULL, 0, 0),
(757, 'Hotel Lerida', 'Ground Floor, Hotel Lerida, Eastern Express Highway, Khopat (West), Thane West, Thane West, Central Mumbai, 400601', 'North Indian,Chinese', 4.1, 1000, '08:00:00', '23:00:00', 7, NULL, NULL, 0, 0),
(759, '24th Tornado', 'Amandi Bunglow, Beside Retreat Hotel, Madh Island, Malad West, Mumbai , Malad West, North Western,', 'Italian,Continental', 4, 300, '08:00:00', '23:00:00', 7, NULL, NULL, 0, 0),
(760, 'Baroke', 'Hotel Krishna Palace, 96/98, Sleater Road, Nana Chowk, Grant Road, South Mumbai, 400007', 'Finger Food,Italian', 3.8, 400, '08:00:00', '23:00:00', 7, NULL, NULL, 0, 0),
(761, 'Picante Ristorante', '401, Akruti Skypark, Near Mahalaxmi Temple, Breach Candy, South Mumbai, 400026', 'Italian,Mexican,Lebanese', 4, 500, '08:00:00', '23:00:00', 7, NULL, NULL, 0, 0),
(762, 'Mayfair Banquets', '254/C, Dr Annie Besant Road, Worli New, Opposite Sasmira Institute, Mumbai, Worli, South Central,', 'Multi-Cuisine', 4.8, 400, '08:00:00', '23:00:00', 7, NULL, NULL, 0, 0),
(779, 'Shubharambh Lawn', 'Vijay Vilas Road, Right From Anand Nagar Bus Stop, Next to Vijay Orion Sample Flats, Off Godhbundar Road, Thane, Thane West, Central Mumbai,', 'Multi-Cuisine', 4.4, 800, '08:00:00', '23:00:00', 7, NULL, NULL, 0, 0),
(791, 'Zodiac - Fortune Select Exotica Hotel', 'Fortune Select Exotica Hotel, Sector 19D, Vashi, Navi Mumbai, 400703', 'Italian,Continental,European,North Indian,Maharash', 4.9, 800, '08:00:00', '23:00:00', 7, NULL, NULL, 0, 0),
(792, 'Nakshatra - Fortune Select Exotica Hotel', 'Fortune Select Exotica Hotel, Sector 19D, Vashi, Navi Mumbai, 400703', 'North Indian,Mughlai', 3.9, 1000, '08:00:00', '23:00:00', 7, NULL, NULL, 0, 0),
(795, 'Echo', 'Royal Orchid Central Grazia,Plot 67, Lane 3, Sector 19,Vashi, Navi Mumbai, Vashi, Navi Mumbai, 400703', 'Multi-Cuisine', 3, 300, '08:00:00', '23:00:00', 7, NULL, NULL, 0, 0),
(796, 'Hotel Orchid', 'Nehru Road, Vile Parle ( East), Adjacent To Domestic Airport, Western Suburbs, 400099 Mumbai, Vile Parle East, Eastern Suburbs, 400057', 'North Indian,Continental,Asian', 3.7, 800, '08:00:00', '23:00:00', 7, NULL, NULL, 0, 0),
(805, 'Banjara Hills', 'NDA Road, Off Mumbai Pune Bypass Road, Chandani Chowk, Bavdhan, West Pune, 411021', 'North Indian,Chinese,Continental', 4.3, 900, '08:00:00', '23:00:00', 7, NULL, NULL, 0, 0),
(824, 'Chetana Veg. Restaurant', '34, K Dubash Marg, Kala Ghoda, Fort, South Mumbai, 400001', 'Multi-Cuisine,North Indian,Maharashtrian,Gujarati,', 3.9, 1300, '08:00:00', '23:00:00', 7, NULL, NULL, 0, 0),
(865, 'Two One Two', '12 A, Ground Floor, Hornby Vellard Estate, Opposite Nehru Centre, Worli, Mumbai, Worli, South Central, 400018', 'Italian,Mediterranean', 4.6, 500, '08:00:00', '23:00:00', 7, NULL, NULL, 0, 0),
(866, 'Umame', '1st Floor, East Wing, Cambata Building, Near Eros Theatre, Churchgate, Mumbai, Churchgate, South Mumbai,', 'Chinese,Thai,Japanese,Asian,Singaporean', 4.7, 800, '08:00:00', '23:00:00', 7, NULL, NULL, 0, 0),
(867, 'Amadeus', 'National Centre for Performing Arts, Gate 2, Nariman Point, South Mumbai, 400021', 'Arabian,Greek,Iranian', 3.3, 1300, '08:00:00', '23:00:00', 7, NULL, NULL, 0, 0),
(885, 'Woodside Inn', 'Indian Mercantile Mansion, Ground Floor, Woodhouse Road, Colaba, South Mumbai, 400001', 'Italian,Continental', 3.7, 700, '08:00:00', '23:00:00', 7, NULL, NULL, 0, 0),
(910, 'Rude Lounge', 'No 615, Survey no  237, LBS Marg, Near Chedda Petrol Pump, Mulund West, Mumbai ? 400 080, Mulund West, Central Mumbai, 400080', 'Chinese,South Indian,European,Finger Food,Desserts', 3.4, 1200, '08:00:00', '23:00:00', 7, NULL, NULL, 0, 0),
(911, 'Rude Lounge', '237, LBS Marg, Mulund West, Central Mumbai, 400080', 'Finger Food', 3.8, 600, '08:00:00', '23:00:00', 7, NULL, NULL, 0, 0),
(916, 'Silver Beach Cafe', '16, Murzban Road, Fort, South Mumbai, 400001', 'Continental,Italian', 3.8, 1200, '08:00:00', '23:00:00', 7, NULL, NULL, 0, 0),
(918, 'Biso - Citrus Hotel', 'Citrus Hotel, Ground Floor, Old Mumbai-Pune Highway, Pimpri, West Pune, 411018', 'Continental,North Indian', 4.2, 800, '08:00:00', '23:00:00', 7, NULL, NULL, 0, 0),
(929, 'Ankur - The Coastal Bistro', 'Meadows House, 77, M Shetty Marg, Kala Ghoda, Fort, South Mumbai, 400023', 'Seafood,North Indian,Mangalorean', 4.1, 1300, '08:00:00', '23:00:00', 7, NULL, NULL, 0, 0),
(956, 'Khiva', 'Neptune Magnet Mall, Ground Floor, LBS Marg, Bhandup West, Central Mumbai, 400078', 'North Indian,Mughlai,Seafood', 4.5, 600, '08:00:00', '23:00:00', 7, NULL, NULL, 0, 0),
(957, 'Khiva', 'Neptune Magnet Mall, Ground Floor, LBS Marg, Bhandup West, Central Mumbai, 400078', 'Afghani', 3.3, 1200, '08:00:00', '23:00:00', 7, NULL, NULL, 0, 0),
(972, 'Cafe XO', '1/2/3, Ground Floor, Sai Building, B.K.S. Deoshi Marg, Deonar Farm Road, Chembur, Central Mumbai, 400088', 'Multi-Cuisine,North Indian,Italian,Chinese,Orienta', 4.4, 700, '08:00:00', '23:00:00', 7, NULL, NULL, 0, 0),
(973, '3 Wise Monkeys', 'The UniContinental Hotel, 3rd Road , The UniContinental Hotel - Khar West, Mumbai , Khar West, Bandra, 400052', 'Italian,Chinese', 3.6, 1200, '08:00:00', '23:00:00', 7, NULL, NULL, 0, 0),
(993, 'The Angrezi Pub', '14, Hilton Centre, Plot 66, Sector II, CBD-Belapur, Navi Mumbai, 400614', 'Finger Food,North Indian,Continental', 3.2, 1000, '08:00:00', '23:00:00', 7, NULL, NULL, 0, 0),
(1001, 'Spice Potli', '14, Hilton Centre, Plot 66, Sector II, CBD-Belapur, Navi Mumbai, 400614', 'North Indian,Continental', 4.9, 1100, '08:00:00', '23:00:00', 7, NULL, NULL, 0, 0),
(1394, 'A Bar - Renaissance Mumbai Convention Centre Hotel', 'Renaissance Mumbai Centre Hotel, Lobby Level, Powai, Eastern Suburbs, 400087', 'Finger Food', 3.4, 600, '08:00:00', '23:00:00', 7, NULL, NULL, 0, 0),
(1496, 'Cafe Excelsior', 'Kitab Mahal Building, 23, 1st Floor, AK Nayak Marg, Fort, South Mumbai, 400001', 'Parsi,North Indian,Chinese', 3.4, 1000, '08:00:00', '23:00:00', 7, NULL, NULL, 0, 0),
(1498, 'Cafe Basilico - Bistro & Deli', 'Sentinel House, 43, Arthur Bunder Road, Colaba, South Mumbai, 400005', 'Italian,Mediterranean,European', 3.6, 600, '08:00:00', '23:00:00', 7, NULL, NULL, 0, 0),
(1499, 'Cafe Coffee Day', 'Godrej Building, Gate 2 B, LBS Marg, Vikhroli West, Central Mumbai, 400079', 'Coffee,Fast Food', 3.6, 1000, '08:00:00', '23:00:00', 7, NULL, NULL, 0, 0),
(1502, 'Celebrations - Celebrations Hotels', 'Celebrations Hotels, Sector 19, Vashi, Navi Mumbai, 400703', 'North Indian,Chinese,Seafood', 3.1, 700, '08:00:00', '23:00:00', 7, NULL, NULL, 0, 0),
(1504, 'Chenab', '133-A, 1st Floor, Sector 8, Vashi, Navi Mumbai, 400703', 'North Indian', 4.5, 1400, '08:00:00', '23:00:00', 7, NULL, NULL, 0, 0),
(1507, 'Britannia & Co. Restaurant', 'Wakefield House, 11, Sprott Road, 16 Ballard Estate, Fort, South Mumbai, 400001', 'Parsi', 3.3, 700, '08:00:00', '23:00:00', 7, NULL, NULL, 0, 0),
(1508, 'Chetana', '34, K Dubhas Road, Kala Ghoda, Fort, South Mumbai, 400001', 'Rajasthani,Maharashtrian', 3.9, 1000, '08:00:00', '23:00:00', 7, NULL, NULL, 0, 0),
(1511, 'Cafe Churchill', 'East West Court Building, 103-B, Shahid Bhagat Singh Road, Colaba Causeway, Colaba, South Mumbai, 400005', 'Italian,Continental,Seafood', 4.3, 1300, '08:00:00', '23:00:00', 7, NULL, NULL, 0, 0),
(1512, 'Chinese Room', 'Kwality House, Kemps Corner, South Mumbai, 400036', 'Chinese', 3.2, 500, '08:00:00', '23:00:00', 7, NULL, NULL, 0, 0),
(1513, 'Cafe Mondegar', 'Metro House, 5A, Shahid Bhagat Singh Road, Colaba, South Mumbai, 400039', 'North Indian,Chinese,Continental', 4.9, 1200, '08:00:00', '23:00:00', 7, NULL, NULL, 0, 0),
(1514, 'Celebrations', 'Sunny Estate, Ground Floor, Sion Trombay Road, Chembur, Central Mumbai, 400071', 'North Indian,Chinese,Seafood', 4.8, 900, '08:00:00', '23:00:00', 7, NULL, NULL, 0, 0),
(1515, 'Cafe Mysore', '461, Durlabh Niwas, Bhaudaji Road, Matunga, Central Mumbai, 400019', 'South Indian', 3.4, 600, '08:00:00', '23:00:00', 7, NULL, NULL, 0, 0),
(1517, 'Cafe Coffee Day', 'Huma Mall, LBS Marg, Kanjurmarg West, Central Mumbai, 400078', 'Coffee,Fast Food', 3, 1000, '08:00:00', '23:00:00', 7, NULL, NULL, 0, 0),
(1518, '210 Degrees', 'Prem Court Building, Ground Floor, Jamshedji Tata Road, Churchgate, South Mumbai, 400020', 'Bakery and Confectionary', 3.8, 500, '08:00:00', '23:00:00', 7, NULL, NULL, 0, 0),
(1521, 'Bombay Blue', 'Har Govindas Building, 18, K Dubash Marg, Kala Ghoda, Fort, South Mumbai, 400001', 'Fast Food,North Indian,Italian,Mexican', 3.7, 1300, '08:00:00', '23:00:00', 7, NULL, NULL, 0, 0),
(1523, 'The Ghetto', 'KP Building, 30B, Bhulabhai Desai Road, Breach Candy, South Mumbai, 400026', 'North Indian,Continental', 3.1, 300, '08:00:00', '23:00:00', 7, NULL, NULL, 0, 0),
(1524, 'Rangoli', 'Shivaji Chowk, Sector-3, Nerul, Navi Mumbai, 400706', 'North Indian,Chinese', 4.1, 800, '08:00:00', '23:00:00', 7, NULL, NULL, 0, 0),
(1529, '5 Spice', 'Sangli Bank Building, 296/A, Perin Nariman Street, Fort, South Mumbai, 400001', 'Chinese,Thai', 3.8, 1200, '08:00:00', '23:00:00', 7, NULL, NULL, 0, 0),
(1530, 'Bayview Cafe - Hotel Harbour View', 'Hotel Harbour View, 4th Floor, Strand Road, Apollo Bandar, Colaba, South Mumbai, 400001', 'North Indian,Chinese,Continental', 3.1, 1100, '08:00:00', '23:00:00', 7, NULL, NULL, 0, 0),
(1531, 'Sher-E-Punjab', 'Guru Singh Sabha Building, 264, Shaheed Bhagat Singh Road, Fort, South Mumbai, 400001', 'North Indian,Chinese', 4.1, 600, '08:00:00', '23:00:00', 7, NULL, NULL, 0, 0),
(1536, 'Delhi Darbar Restaurant', 'Holland House, 10/14, Colaba Causeway, SBS Road, Colaba, South Mumbai, 400001', 'North Indian,Mughlai,Chinese,Seafood', 4.6, 1000, '08:00:00', '23:00:00', 7, NULL, NULL, 0, 0),
(1537, 'Mama Mia!', 'Parmanand Building, 1 & 2, AR Rangnekar Marg, French Bridge, Opera House, Girgaum, South Mumbai, 400007', 'Italian,Chinese', 4, 300, '08:00:00', '23:00:00', 7, NULL, NULL, 0, 0),
(1538, 'Golden Chimney', 'Satyabhama Building, Road 369, VP Road, Girgaum, South Mumbai, 400004', 'North Indian,Chinese,Seafood', 3.1, 600, '08:00:00', '23:00:00', 7, NULL, NULL, 0, 0),
(1542, 'Mocambo Cafe', '23/A, Sir Pherozeshah Mehta Road, Fort, South Mumbai, 400001', 'Italian,Continental', 4.4, 700, '08:00:00', '23:00:00', 7, NULL, NULL, 0, 0),
(1543, 'Cafe Coffee Day', 'Mehta Building, 10-11, Nathalal Parekh Marg, King Circle, Matunga, Central Mumbai, 400019', 'Coffee,Fast Food', 4.8, 500, '08:00:00', '23:00:00', 7, NULL, NULL, 0, 0),
(1547, 'Cafe Coffee Day', 'Nirmal Lifestyle Mall, LBS Marg, Mulund West, Central Mumbai, 400080', 'Coffee', 3.2, 700, '08:00:00', '23:00:00', 7, NULL, NULL, 0, 0),
(1552, 'Shiv Sagar', 'Nagin Mahal, 82 Veer Nariman Road, Churchgate, South Mumbai, 400020', 'North Indian,Chinese,South Indian', 4.9, 1500, '08:00:00', '23:00:00', 7, NULL, NULL, 0, 0),
(1556, 'Cafe Coffee Day', 'R-Mall, 3rd Floor, Kamgar Colony, LBS Road, Mulund West, Central Mumbai, 400080', 'Coffee,Fast Food', 3.6, 1100, '08:00:00', '23:00:00', 7, NULL, NULL, 0, 0),
(1561, 'Tea Centre', 'Ground Floor, Resham Bhavan, Building 78, Veer Nariman Road, Churchgate, South Mumbai, 400020', 'Tea', 3.8, 800, '08:00:00', '23:00:00', 7, NULL, NULL, 0, 0),
(1562, 'Tease', '11, Sukh Sagar, NS Patkar Marg, Hughes Road, Chowpatty, Girgaum, South Mumbai, 400007', 'Italian', 4.5, 1400, '08:00:00', '23:00:00', 7, NULL, NULL, 0, 0),
(1563, 'Thackers', 'Birla Kreeda Kendra, Chowpatty, Girgaum, South Mumbai, 400007', 'Gujarati,North Indian,Italian', 3, 400, '08:00:00', '23:00:00', 7, NULL, NULL, 0, 0),
(1565, 'Cafe Coffee Day', 'Center One Mall, Sector 30/A, Vashi, Navi Mumbai, 400703', 'Coffee', 4, 500, '08:00:00', '23:00:00', 7, NULL, NULL, 0, 0),
(1571, 'Theobroma', '24, Cusrow Baug, Colaba Causeway, SBS Road, Colaba, South Mumbai, 400039', 'Desserts,Bakery and Confectionary', 3.4, 600, '08:00:00', '23:00:00', 7, NULL, NULL, 0, 0),
(1572, 'Gaylord', 'Ground Floor, Mayfair Building, Veer Nariman Road, Churchgate, South Mumbai, 400020', 'Chinese,Continental', 3.5, 300, '08:00:00', '23:00:00', 7, NULL, NULL, 0, 0),
(1576, 'Harbour Bar - The Taj Mahal Palace Hotel', 'The Taj Mahal Palace Hotel, Lobby Level, Apollo Bunder, Colaba, South Mumbai, 400001', 'Spanish', 3.5, 900, '08:00:00', '23:00:00', 7, NULL, NULL, 0, 0),
(1579, 'Akarshan', 'Station Road, Vikhroli West, Central Mumbai, 400083', 'North Indian,Chinese,Seafood', 4, 500, '08:00:00', '23:00:00', 7, NULL, NULL, 0, 0),
(1583, 'Grand Thali - Hotel Tip Top Plaza', 'Hotel Tip Top Plaza, LBS Marg, Thane West, Central Mumbai, 400601', 'Gujarati,Rajasthani', 3.7, 1000, '08:00:00', '23:00:00', 7, NULL, NULL, 0, 0),
(1584, 'Royal Challenge II', 'Empire Ways Building, Ground Floor, Eastern Express Highway, Thane West, Central Mumbai, 400604', 'North Indian,Chinese,Seafood', 4.8, 800, '08:00:00', '23:00:00', 7, NULL, NULL, 0, 0),
(1585, 'Dome - InterContinental', 'InterContinental, 135, NSC Bose Road, Marine Lines, South Mumbai, 400020', 'Japanese,Finger Food', 4, 400, '08:00:00', '23:00:00', 7, NULL, NULL, 0, 0),
(1586, 'Alibaba', 'Dhanraj Mahal, Apollo Bunder, Colaba, South Mumbai, 400001', 'North Indian,Chinese,Seafood,Oriental', 3.2, 1500, '08:00:00', '23:00:00', 7, NULL, NULL, 0, 0),
(1587, 'Shree Thaker Bhojanalay', '31, Dadisheth Agyari Lane, Off Kalbadevi Road, Kalbadevi, South Mumbai, 400002', 'Gujarati', 3.5, 900, '08:00:00', '23:00:00', 7, NULL, NULL, 0, 0),
(1588, 'Golden Dragon - The Taj Mahal Palace', 'The Taj Mahal Palace, Apollo Bunder, Colaba, South Mumbai, 400001', 'Chinese,Seafood', 4.5, 400, '08:00:00', '23:00:00', 7, NULL, NULL, 0, 0),
(1590, 'Ruby Tuesday', 'Nirmal Lifestyle Mall, Ground Floor, LBS Marg, Mulund West, Central Mumbai, 400080', 'American,Italian,Mexican', 3.5, 1300, '08:00:00', '23:00:00', 7, NULL, NULL, 0, 0),
(1591, 'All Stir Fry - The Gordon House Hotel', 'The Gordon House Hotel, 5, Ground Floor, Battery Street, Apollo Bunder, Colaba, South Mumbai, 400039', 'Chinese,Thai,Asian', 3.5, 700, '08:00:00', '23:00:00', 7, NULL, NULL, 0, 0),
(1592, 'Golden Lawn', 'Krishna Baug, RC Marg, Chembur, Central Mumbai, 400071', 'North Indian,Chinese,Seafood', 3.7, 500, '08:00:00', '23:00:00', 7, NULL, NULL, 0, 0),
(1594, 'Amantran Fine Dine', 'Minerva Chambers, Ground Floor, JN Road, Mulund West, Central Mumbai, 400080', 'North Indian,Chinese,Continental', 3.4, 500, '08:00:00', '23:00:00', 7, NULL, NULL, 0, 0),
(1595, 'Santoor Bar & Restaurant', 'Maker Arcade Mall, 9, 10 & 11, Cuffe Parade, South Mumbai, 400005', 'North Indian,Chinese,Seafood', 4.2, 600, '08:00:00', '23:00:00', 7, NULL, NULL, 0, 0),
(1596, 'Golden Punjab', 'Ground Floor, Sector 17, Vashi, Navi Mumbai, 400703', 'North Indian,Chinese,Seafood', 4.3, 300, '08:00:00', '23:00:00', 7, NULL, NULL, 0, 0),
(1597, 'Silk Route', '38, K Dubhas Marg, LIC Building, Kala Ghoda, Fort, South Mumbai, 400001', 'Chinese,Thai', 3.1, 700, '08:00:00', '23:00:00', 7, NULL, NULL, 0, 0),
(1598, 'Busaba', '4, Mandlik Road, Colaba, South Mumbai, 400001', 'Vietnamese,Thai,Burmese,Korean', 4.5, 1200, '08:00:00', '23:00:00', 7, NULL, NULL, 0, 0),
(1599, 'Trishna', '7, Sai Baba Marg, Kala Ghoda, Fort, South Mumbai, 400023', 'Seafood,Mangalorean,Chinese,Thai', 4.4, 1100, '08:00:00', '23:00:00', 7, NULL, NULL, 0, 0),
(1600, 'By The Way', 'Seva Sadan Society, Pandita Ramabai Road, Gamdevi, Girgaum, South Mumbai, 400007', 'North Indian,Parsi,Fast Food', 4.7, 1100, '08:00:00', '23:00:00', 7, NULL, NULL, 0, 0),
(1601, 'Moksha - Hotel Jewel of Chembur', 'Hotel Jewel of Chembur, 1st Floor, Natraj Road, Chembur, Central Mumbai, 400071', 'North Indian,Chinese,Oriental', 3.6, 500, '08:00:00', '23:00:00', 7, NULL, NULL, 0, 0),
(1603, 'The Oriental Blossom - Hotel Marine Plaza', 'Hotel Marine Plaza, 1st Level, 29, Marine Drive, Marine Lines, South Mumbai, 400020', 'Chinese,Seafood', 3.8, 1500, '08:00:00', '23:00:00', 7, NULL, NULL, 0, 0),
(1606, 'Golden Star Thali', 'Building 330, Sakina Manzil, Raja Ram Mohan Roy Road, Girgaum, South Mumbai, 400004', 'Gujarati,Rajasthani', 3.8, 1000, '08:00:00', '23:00:00', 7, NULL, NULL, 0, 0),
(1608, 'Cafe Ideal', 'Fulchand Nivas, 5, Sardar Vallabhbhai Patel Road, Girgaum, South Mumbai, 400007', 'North Indian,Chinese', 3.7, 1100, '08:00:00', '23:00:00', 7, NULL, NULL, 0, 0),
(1609, 'Ankur', 'Meadows House, Tamarind Lane, MP Shetty Marg, Fort, South Mumbai, 400001', 'Seafood,North Indian,South Indian', 3.9, 700, '08:00:00', '23:00:00', 7, NULL, NULL, 0, 0),
(1610, 'The Marina Upper Deck - Sea Palace Hotel', 'Sea Palace Hotel, PJ Ramchandani Marg, Apollo Bunder, Colaba, South Mumbai, 400039', 'North Indian,Chinese', 3.5, 1100, '08:00:00', '23:00:00', 7, NULL, NULL, 0, 0),
(1614, 'Masala Kraft - The Taj Mahal Palace', 'The Taj Mahal Palace Hotel, Apollo Bunder, Colaba, South Mumbai, 400001', 'North Indian', 4.3, 1400, '08:00:00', '23:00:00', 7, NULL, NULL, 0, 0),
(1615, 'The Gourmet - West End Hotel', 'West End Hotel, 45, Marine Lines, South Mumbai, 400020', 'North Indian,Chinese,Continental', 3.8, 700, '08:00:00', '23:00:00', 7, NULL, NULL, 0, 0),
(1616, 'The Gourmet Shoppe - The Oberoi', 'The Oberoi Shopping Arcade, Trident Towers    , Nariman Point, South Mumbai, 400021', 'Desserts', 4.7, 300, '08:00:00', '23:00:00', 7, NULL, NULL, 0, 0),
(1617, 'Sitara Fine Dine', 'Dhiraj Annexe Building, Sarojini Naidu Road, Mulund West, Central Mumbai, 400080', 'North Indian,Chinese,Continental,Seafood', 3, 1300, '08:00:00', '23:00:00', 7, NULL, NULL, 0, 0),
(1620, 'Sante', '10, Ridge Road, Malabar Hill, South Mumbai, 400006', 'Finger Food', 3.8, 700, '08:00:00', '23:00:00', 7, NULL, NULL, 0, 0),
(1625, 'Chez Nous - West End Hotel', 'West End Hotel, 45, Marine Lines, South Mumbai, 400020', 'Finger Food', 3.4, 1000, '08:00:00', '23:00:00', 7, NULL, NULL, 0, 0),
(1626, 'Apoorva', 'Vasta House, Noble Chambers, SA Brelvi Marg, Fort, South Mumbai, 400001', 'Seafood,Mangalorean,Coastal,North Indian,Chinese', 3.5, 800, '08:00:00', '23:00:00', 7, NULL, NULL, 0, 0),
(1628, 'Shalimar Restaurant', 'Vazir Building, Bhendi Bazaar, Mohammad Ali Road, Masjid Bunder, South Mumbai, 400003', 'North Indian,Chinese', 4.9, 1000, '08:00:00', '23:00:00', 7, NULL, NULL, 0, 0),
(1629, 'Shamiana - The Taj Mahal Palace', 'The Taj Mahal Palace, Lobby Level, Apollo Bunder, Colaba, South Mumbai, 400001', 'Multi-Cuisine,North Indian,Italian,Continental,Asi', 3, 1000, '08:00:00', '23:00:00', 7, NULL, NULL, 0, 0),
(1631, 'Aqua - The Park', 'The Park, Sector 10, CBD-Belapur, Navi Mumbai, 400614', 'North Indian,Mediterranean', 4.2, 400, '08:00:00', '23:00:00', 7, NULL, NULL, 0, 0),
(1632, 'Grand Central', 'Central Avenue Road, Chembur, Central Mumbai, 400071', 'North Indian,Chinese,Seafood', 4.1, 300, '08:00:00', '23:00:00', 7, NULL, NULL, 0, 0),
(1637, 'Meghdoot', 'Guruprasad Building, JV Road, Ghatkopar West, Central Mumbai, 400086', 'North Indian,Chinese', 4.7, 700, '08:00:00', '23:00:00', 7, NULL, NULL, 0, 0),
(1642, 'Howrah Bengali Restaurant', 'B, Sitaram Building, Dr. Dadabhai Naoroji Road, Crawford Market, DN Road, Fort, South Mumbai, 400001', 'Bengali,North Indian,Chinese,Continental', 4.4, 1400, '08:00:00', '23:00:00', 7, NULL, NULL, 0, 0),
(1645, 'Relish', 'Prem Court Building, Ground Floor, Jamshedji Tata Road, Churchgate, South Mumbai, 400020', 'Italian,North Indian,Mexican', 4.5, 700, '08:00:00', '23:00:00', 7, NULL, NULL, 0, 0),
(1659, 'Imperial China - Hilton Mumbai International Airpo', 'Hilton Mumbai International Airport, Sahar Airport Road, Andheri East, Eastern Suburbs, 400099', 'Chinese,Asian,Thai,Japanese,Seafood', 3.3, 1200, '08:00:00', '23:00:00', 7, NULL, NULL, 0, 0),
(1663, 'Royal China', 'Sterling Cinema Building, Hazarimal Somani Marg, Victoria Terminus, Fort, South Mumbai, 400001', 'Chinese,Seafood', 4.4, 1300, '08:00:00', '23:00:00', 7, NULL, NULL, 0, 0),
(1664, 'India Jones - Trident', 'Trident Hotel, Lower Lobby Level, Nariman Point, South Mumbai, 400021', 'Japanese,Asian,Burmese,Korean,Oriental', 3.9, 1400, '08:00:00', '23:00:00', 7, NULL, NULL, 0, 0),
(1665, 'The Excellenssea', 'Bharat House, 317, Sardar Bhagat Singh Road, Fort, South Mumbai, 400001', 'Seafood,North Indian,Chinese,South Indian', 3.9, 400, '08:00:00', '23:00:00', 7, NULL, NULL, 0, 0),
(1667, 'Indian Summer', 'Parekh Mahal, 80 Veer Nariman Road, Churchgate, South Mumbai, 400020', 'North Indian,Seafood', 4.6, 1400, '08:00:00', '23:00:00', 7, NULL, NULL, 0, 0),
(1669, 'Bademiya', 'Tulloch Road, Apollo Bunder, Colaba, South Mumbai, 400039', 'North Indian,Mughlai', 3.8, 800, '08:00:00', '23:00:00', 7, NULL, NULL, 0, 0),
(1671, 'Indus - Cocktail Bar & Tandoor', 'Hotel Diplomat, 2426, BK Marg, Apollo Bunder, Colaba, South Mumbai, 400001', 'North Indian,Mughlai', 3, 1300, '08:00:00', '23:00:00', 7, NULL, NULL, 0, 0),
(1673, 'Kailash Parbat Hindu Hotel', 'Sheela Mahal, 5, 1st Pasta Lane, Colaba, South Mumbai, 400005', 'North Indian,Street Food,Chaat', 4.2, 1200, '08:00:00', '23:00:00', 7, NULL, NULL, 0, 0),
(1676, 'Paradise', 'Sindh Chambers Building, SBS Road, Colaba Causeway, Apollo Bandar, Colaba, South Mumbai, 400005', 'North Indian,Chinese,Parsi', 4.3, 500, '08:00:00', '23:00:00', 7, NULL, NULL, 0, 0),
(1677, 'Dusk', 'The Park Hotel, Lobby Level, Sector 10, Nirmaladevi Marg, CBD-Belapur, Navi Mumbai, 400614', 'North Indian,Chinese', 4.3, 600, '08:00:00', '23:00:00', 7, NULL, NULL, 0, 0),
(1681, 'Starboard - The Taj Mahal Palace Hotel', 'The Taj Mahal Palace Hotel, Lobby Level, Apollo Bunder, Colaba, South Mumbai, 400001', 'Mexican', 3.7, 1200, '08:00:00', '23:00:00', 7, NULL, NULL, 0, 0),
(1684, 'Cafe Bar', 'Nirmal Lifestyle Mall, 2nd Floor, LBS Marg, Mulund West, Central Mumbai, 400080', 'North Indian,Chinese', 4, 500, '08:00:00', '23:00:00', 7, NULL, NULL, 0, 0),
(1687, 'Vongwong', 'Express Towers, 1st Floor, Ramnath Goenka Marg, Nariman Point, South Mumbai, 400021', 'Chinese,Thai,Burmese', 3.8, 1200, '08:00:00', '23:00:00', 7, NULL, NULL, 0, 0),
(1688, 'Kamling', 'Nagin Mahal, 82, Veer Nariman Road, Churchgate, South Mumbai, 400020', 'Chinese,Seafood', 3.6, 1000, '08:00:00', '23:00:00', 7, NULL, NULL, 0, 0),
(1689, 'Bamboo - The Park', 'The Park, Lobby Level, Sector 10, CBD-Belapur, Navi Mumbai, 400614', 'Chinese,Thai,Malaysian', 3.3, 500, '08:00:00', '23:00:00', 7, NULL, NULL, 0, 0),
(1692, 'Soam', 'Sadguru Sadan Building, Chowpatty, Girgaum, South Mumbai, 400004', 'Gujarati,Street Food', 3.8, 800, '08:00:00', '23:00:00', 7, NULL, NULL, 0, 0),
(1699, 'The Society', 'The Ambassador Hotel, Lobby Level, Veer Nariman Road, Churchgate, South Mumbai, 400020', 'North Indian', 3.7, 600, '08:00:00', '23:00:00', 7, NULL, NULL, 0, 0),
(1702, 'Namaskar', 'Talao Pali, Dr Moose Road, Shivaji Talao Pali, Thane West, Central Mumbai, 400601', 'North Indian,Chinese,Seafood', 3.8, 900, '08:00:00', '23:00:00', 7, NULL, NULL, 0, 0),
(1703, 'Wasabi By Morimoto - The Taj Mahal Palace', 'The Taj Mahal Palace Hotel, Apollo Bunder, Colaba, South Mumbai, 400001', 'Japanese,Oriental', 4.8, 1400, '08:00:00', '23:00:00', 7, NULL, NULL, 0, 0),
(1704, 'Suyog Restaurant & Bar', 'Katrak Road, Wadala, Central Mumbai, 400031', 'North Indian,Chinese', 3.2, 1100, '08:00:00', '23:00:00', 7, NULL, NULL, 0, 0),
(1705, 'Under The Banyan Tree', 'A-34, Sophia College Lane, Cumballa Hill, South Mumbai, 400026', 'Italian', 3.7, 1000, '08:00:00', '23:00:00', 7, NULL, NULL, 0, 0),
(1707, 'Barbeque Nation - Louiswadi', 'Sun Magnetica Building, Green Road, Eastern Express Highways, Louiswadi, Thane West, Central Mumbai, 400604', 'North Indian', 3.8, 400, '08:00:00', '23:00:00', 7, NULL, NULL, 0, 0),
(1708, 'Weli Deli - Taj Wellington Mews', 'Taj Wellington Mews Hotel, Lobby Level, 33, Nathalal Parekh Marg, Colaba, South Mumbai, 400001', 'Continental,European,North Indian,Desserts', 3.5, 1400, '08:00:00', '23:00:00', 7, NULL, NULL, 0, 0),
(1713, 'Flamboyante', 'World Trade Centre, 3, The Arcade, Cuffe Parade, South Mumbai, 400005', 'Continental,Multi-Cuisine,Italian,Chinese,Seafood,', 3.8, 1100, '08:00:00', '23:00:00', 7, NULL, NULL, 0, 0),
(1715, 'Urban Tadka', 'R-Mall, 3rd Floor, Kamgar Colony, LBS Road, Mulund West, Central Mumbai, 400080', 'North Indian', 4.4, 1000, '08:00:00', '23:00:00', 7, NULL, NULL, 0, 0),
(1719, 'Vaishali Garden', 'Navketan Building, 1st Floor, Govandi Road, Chembur, Central Mumbai, 400071', 'North Indian,Chinese,Seafood', 3.5, 600, '08:00:00', '23:00:00', 7, NULL, NULL, 0, 0),
(1720, 'Fountain Sizzlers', '57, MG Road, Fort, South Mumbai, 400023', 'Sizzlers,Chinese,Continental,Thai,Oriental', 4.8, 1400, '08:00:00', '23:00:00', 7, NULL, NULL, 0, 0),
(1721, 'Souk - The Taj Mahal Palace Hotel', 'The Taj Mahal Palace Hotel, Apollo Bunder, Colaba, South Mumbai, 400001', 'Lebanese', 4.1, 1500, '08:00:00', '23:00:00', 7, NULL, NULL, 0, 0),
(1727, 'Verandah - Trident', 'Trident, Lobby Level, Nariman Point, South Mumbai, 400021', 'Bakery and Confectionary', 4.8, 800, '08:00:00', '23:00:00', 7, NULL, NULL, 0, 0),
(1729, 'Barista', 'Fashion Bistro Building, Ground Floor, Victoria Terminal, Fort, South Mumbai, 400001', 'Coffee,Fast Food', 3.2, 400, '08:00:00', '23:00:00', 7, NULL, NULL, 0, 0),
(1731, 'Tavern - Fariyas Hotel', 'Fariyas Hotel, Off Arthur Bunder Road, Apollo Bandar, Colaba, South Mumbai, 400005', 'Finger Food', 3.7, 800, '08:00:00', '23:00:00', 7, NULL, NULL, 0, 0),
(1732, 'Jimmy Boy', 'Vikas Building, 11, Bank Street, Off Horniman Circle, Kala Ghoda, Fort, South Mumbai, 400001', 'Parsi,North Indian', 3.6, 700, '08:00:00', '23:00:00', 7, NULL, NULL, 0, 0),
(1734, 'Soy Street', 'Inorbit Mall, 1st Floor, Sector 30A, Vashi, Navi Mumbai, 400705', 'Chinese', 3.7, 300, '08:00:00', '23:00:00', 7, NULL, NULL, 0, 0),
(1736, 'Astrix - The Lounge - Hotel Jewel of Chembur', 'Hotel Jewel of Chembur, 1st Road, Natraj Road, Chembur, Central Mumbai, 400071', 'Finger Food', 3.9, 400, '08:00:00', '23:00:00', 7, NULL, NULL, 0, 0),
(1739, 'Village - The Soul of India', 'R Mall, 3rd Floor, Ghodbunder Road, Thane West, Central Mumbai, 400601', 'North Indian,Maharashtrian,Gujarati', 3.4, 600, '08:00:00', '23:00:00', 7, NULL, NULL, 0, 0),
(1743, 'Fusion Dhaba', '16, Wagle Estate, Main Road, Thane West, Central Mumbai, 400601', 'North Indian,Chinese,Continental', 3.2, 1100, '08:00:00', '23:00:00', 7, NULL, NULL, 0, 0),
(1745, 'Spaghetti Kitchen', 'CR2 Mall, 1st Floor, Barrister Rajni Patel Marg, Nariman Point, South Mumbai, 400021', 'Italian,Fast Food', 4.2, 700, '08:00:00', '23:00:00', 7, NULL, NULL, 0, 0),
(1749, 'Barista', 'Garden Apartment, 1, ST Road, Chembur, Central Mumbai, 400071', 'Coffee,Fast Food', 3.5, 700, '08:00:00', '23:00:00', 7, NULL, NULL, 0, 0),
(1752, 'Sudama', 'Hotel Krishna Palace Residency, Lobby Level, Nana Chowk, Sleater Road, Grant Road, South Mumbai, 400007', 'South Indian,Multi-Cuisine,North Indian,Chinese,Gu', 4.2, 1500, '08:00:00', '23:00:00', 7, NULL, NULL, 0, 0),
(1753, 'Kobe Sizzlers', 'Sukh Sagar Building, 12/13, Ground Floor, Opera House, Hughes Road, Girgaum, South Mumbai, 400007', 'Continental,American,Sizzlers', 3.6, 1000, '08:00:00', '23:00:00', 7, NULL, NULL, 0, 0),
(1755, 'Pizza Hut', 'R-Mall, 3rd Floor, Kamgar Colony, LBS Road, Mulund West, Central Mumbai, 400080', 'Pizza,Italian', 4, 800, '08:00:00', '23:00:00', 7, NULL, NULL, 0, 0),
(1756, 'Pizza Hut', 'Nirmal Lifestyle Mall, LBS Marg, Mulund West, Central Mumbai, 400080', 'Pizza,Italian', 3.2, 600, '08:00:00', '23:00:00', 7, NULL, NULL, 0, 0),
(1760, 'Bouganvilla', 'Neelyog Square Mall, 1, Ground Floor, RB Mehta Road, Ghatkopar East, Central Mumbai, 400077', 'Multi-Cuisine,North Indian,Italian,Continental,Ori', 3, 300, '08:00:00', '23:00:00', 7, NULL, NULL, 0, 0),
(1764, 'Pizza Hut', 'Elphinstone House, 883, 17, Muraban Road, Fort, South Mumbai, 400001', 'Pizza,Italian', 4.6, 800, '08:00:00', '23:00:00', 7, NULL, NULL, 0, 0),
(1767, 'Garden Bar - Hilton Mumbai International Airport', 'Hilton Mumbai International Airport, Sahar Airport Road, Andheri East, Eastern Suburbs, 400099', 'Finger Food,Drinks', 4.3, 800, '08:00:00', '23:00:00', 7, NULL, NULL, 0, 0),
(1768, 'Pizza Hut', 'Cinewonder Mall, Kapurbawdi, Ghodbunder Road, Thane West, Central Mumbai, 400607', 'Pizza,Italian', 3.2, 600, '08:00:00', '23:00:00', 7, NULL, NULL, 0, 0),
(1775, 'Pizza Hut', 'Hari Niwas Circle, Thane West, Central Mumbai, 400601', 'Pizza', 3.5, 300, '08:00:00', '23:00:00', 7, NULL, NULL, 0, 0),
(1778, 'Pizza Hut', 'Center One Mall, 3rd Floor, Sector 30A, Vashi, Navi Mumbai, 400705', 'Pizza', 4.8, 700, '08:00:00', '23:00:00', 7, NULL, NULL, 0, 0),
(1784, 'Lamba Restaurant & Bar', 'Chhadva Apartment, 15 & 16, Sion Trombay Road, Chembur, Central Mumbai, 400071', 'North Indian,Seafood', 3, 400, '08:00:00', '23:00:00', 7, NULL, NULL, 0, 0),
(1785, 'Status', 'Regent Chambers, 208, Nariman Point, South Mumbai, 400021', 'North Indian,South Indian', 4.7, 1100, '08:00:00', '23:00:00', 7, NULL, NULL, 0, 0),
(1786, 'Bellagio Bistro', '2/12, Botawala Building, Shahid Bhagat Singh Road, Fort, South Mumbai, 400023', 'Italian,Desserts', 4.7, 900, '08:00:00', '23:00:00', 7, NULL, NULL, 0, 0),
(1789, 'Sundeep', '1st Floor, Railway Station, Ghatkopar West, Central Mumbai, 400086', 'North Indian,Chinese,Seafood', 4.9, 1500, '08:00:00', '23:00:00', 7, NULL, NULL, 0, 0),
(1790, 'Mad Over Donuts', 'B-23, Cusrow Baug, Colaba Causeway, Colaba, South Mumbai, 400039', 'Doughnuts', 3.2, 1500, '08:00:00', '23:00:00', 7, NULL, NULL, 0, 0),
(1801, 'Lake View Cafe - Renaissance Mumbai Convention Cen', 'Renaissance Mumbai Centre Hotel, 2 & 3/B, Lower Lobby, Powai, Eastern Suburbs, 400087', 'North Indian,Italian,Continental', 3.2, 300, '08:00:00', '23:00:00', 7, NULL, NULL, 0, 0),
(1802, 'Poush - Essence Of Kashmir', 'Big Shopping Center, 1st Floor, Kasarvadavali, Ghodbunder Road, Thane West, Central Mumbai, 400601', 'Kashmiri,North Indian', 4.6, 400, '08:00:00', '23:00:00', 7, NULL, NULL, 0, 0),
(1803, 'Blend-n-Brew - Hotel Plaza', 'Hotel Plaza, 70/O, Central Avenue Road, Chembur, Central Mumbai, 400071', 'Multi-Cuisine,North Indian,Chinese,Continental,Sea', 4.7, 900, '08:00:00', '23:00:00', 7, NULL, NULL, 0, 0),
(1807, 'Zaffran', 'Sitaram Building, Block B, DN Marg, Crawford Market, Fort, South Mumbai, 400001', 'North Indian', 4.7, 1200, '08:00:00', '23:00:00', 7, NULL, NULL, 0, 0),
(1811, 'Subway', '8/31, Arthur Bunder Road, Colaba, South Mumbai, 400005', 'Fast Food', 3.2, 1100, '08:00:00', '23:00:00', 7, NULL, NULL, 0, 0),
(1830, 'Subway', 'Sterling Cineplex Building, Ground Floor, Dadabhai Navroji Road, Kala Ghoda, Fort, South Mumbai, 400001', 'Fast Food', 4.5, 800, '08:00:00', '23:00:00', 7, NULL, NULL, 0, 0),
(1831, 'Pizza By The Bay', 'Soona Mahal, 143, Ground Floor, Marine Lines, South Mumbai, 400002', 'Italian,Pizza', 3.3, 1300, '08:00:00', '23:00:00', 7, NULL, NULL, 0, 0),
(1839, 'Leopold Cafe & Bar', '166, Shaheed Bhagat Singh Road, Colaba, South Mumbai, 400001', 'North Indian,Italian,Mughlai', 4, 700, '08:00:00', '23:00:00', 7, NULL, NULL, 0, 0),
(1844, 'Woodside Inn', 'Ground Floor, Indian Mercantile Chamber Building, Woodhouse Road, Colaba, South Mumbai, 400039', 'Continental,Italian', 3.8, 1300, '08:00:00', '23:00:00', 7, NULL, NULL, 0, 0),
(1847, 'Little Italy', '302/303, Destination Building, Ghatkopar Mahul Road, MG Road, Ghatkopar East, Central Mumbai, 400075', 'Italian,Mexican,Pizza', 3.9, 1300, '08:00:00', '23:00:00', 7, NULL, NULL, 0, 0),
(1848, 'Yogi - Hotel Yogi Broadway', 'Hotel Yogi Broadway, 403/K, Diamond Garden, ST Road, Chembur, Central Mumbai, 400071', 'North Indian,Chinese,Seafood', 3.4, 1400, '08:00:00', '23:00:00', 7, NULL, NULL, 0, 0),
(1851, 'Yoko Sizzlers', 'Fatima Manzil, Rustom Sidhwa Marg, Gunbow Street, Fort, South Mumbai, 400001', 'Continental,Sizzlers', 4.8, 900, '08:00:00', '23:00:00', 7, NULL, NULL, 0, 0),
(1854, 'Noodle Bar', 'R-Mall, 3rd Floor, Kamgar Colony, LBS Road, Mulund West, Central Mumbai, 400080', 'Thai', 4.4, 400, '08:00:00', '23:00:00', 7, NULL, NULL, 0, 0),
(1855, 'Khandani Rajdhani', 'Nirmal Lifestyle Mall, 1st Floor, LBS Marg, Mulund West, Central Mumbai, 400080', 'Gujarati,Rajasthani', 3.1, 1400, '08:00:00', '23:00:00', 7, NULL, NULL, 0, 0),
(1857, 'The Creek - Abbott Hotel', 'Abbott Hotel, Lobby Level, Sector 2, Vashi, Navi Mumbai, 400703', 'North Indian,Italian,Chinese,Continental', 3.9, 1500, '08:00:00', '23:00:00', 7, NULL, NULL, 0, 0),
(1865, 'Opium Den - Trident', 'Trident, Lower Lobby Level, Nariman Point, South Mumbai, 400021', 'Finger Food', 3.4, 400, '08:00:00', '23:00:00', 7, NULL, NULL, 0, 0),
(1876, 'The Sun', 'Lower Petit Hall Shopping Centre, 3, Ground Floor, Nepeansea Road, Malabar Hill, South Mumbai, 400006', 'North Indian', 4.8, 600, '08:00:00', '23:00:00', 7, NULL, NULL, 0, 0),
(1886, 'Mahesh Lunch Home', 'Vihang Palm Club, 1st Floor, Pokhran 1, Thane West, Central Mumbai, 400606', 'North Indian,Chinese,Seafood,Mangalorean', 4.3, 1000, '08:00:00', '23:00:00', 7, NULL, NULL, 0, 0),
(1936, 'Mad Over Donuts', '65, Bhulabhai Desai Road, Cumballa Hill, South Mumbai, 400077', 'Doughnuts,Bakery and Confectionary,Shakes', 4.2, 900, '08:00:00', '23:00:00', 7, NULL, NULL, 0, 0),
(2679, 'Subway', 'A2/73, Ground Floor, Beeco Arcade, Vinayaka Nagar Colony, Old Mumbai Road, Gachibowli, West Hyderabad, 500032', 'Fast Food', 3.6, 1300, '08:00:00', '23:00:00', 7, NULL, NULL, 0, 0),
(2816, 'Village - The Soul of India', 'Raghuleela Mall, 3rd Floor, Sector 30, Vashi, Navi Mumbai, 400703', 'North Indian,Maharashtrian,Gujarati', 4.8, 1300, '08:00:00', '23:00:00', 7, NULL, NULL, 0, 0),
(2821, 'Malhaar Restaurant', 'Mumbai-Pune Highway, Chinchwad, West Pune, 411019', 'North Indian,Chinese,Seafood', 4.1, 1400, '08:00:00', '23:00:00', 7, NULL, NULL, 0, 0);

-- --------------------------------------------------------

--
-- Table structure for table `rest_contact`
--

CREATE TABLE `rest_contact` (
  `rest_id` int(11) NOT NULL,
  `contact` bigint(10) NOT NULL
) ENGINE=InnoDB DEFAULT CHARSET=utf8;

--
-- Dumping data for table `rest_contact`
--

INSERT INTO `rest_contact` (`rest_id`, `contact`) VALUES
(225, 9857883021),
(225, 9857883022),
(241, 9857883061),
(241, 9857883062),
(241, 9857883063),
(260, 9857883109),
(260, 9857883110),
(260, 9857883111),
(261, 9857883112),
(261, 9857883113),
(263, 9857883117),
(263, 9857883118),
(281, 9857883162),
(281, 9857883163),
(284, 9857883168),
(284, 9857883169),
(284, 9857883170),
(291, 9857883187),
(291, 9857883188),
(291, 9857883189),
(300, 9857883207),
(300, 9857883208),
(306, 9857883223),
(306, 9857883224),
(306, 9857883225),
(307, 9857883226),
(307, 9857883227),
(307, 9857883228),
(309, 9857883231),
(309, 9857883232),
(309, 9857883233),
(315, 9857883247),
(315, 9857883248),
(320, 9857883259),
(320, 9857883260),
(322, 9857883264),
(322, 9857883265),
(344, 9857883318),
(344, 9857883319),
(344, 9857883320),
(349, 9857883329),
(349, 9857883330),
(360, 9857883355),
(360, 9857883356),
(365, 9857883368),
(365, 9857883369),
(375, 9857883394),
(375, 9857883395),
(377, 9857883398),
(377, 9857883399),
(381, 9857883408),
(381, 9857883409),
(383, 9857883412),
(383, 9857883413),
(384, 9857883414),
(384, 9857883415),
(384, 9857883416),
(388, 9857883426),
(388, 9857883427),
(390, 9857883431),
(390, 9857883432),
(395, 9857883444),
(395, 9857883445),
(395, 9857883446),
(398, 9857883452),
(398, 9857883453),
(398, 9857883454),
(405, 9857883469),
(405, 9857883470),
(405, 9857883471),
(409, 9857883479),
(409, 9857883480),
(409, 9857883481),
(416, 9857883497),
(416, 9857883498),
(416, 9857883499),
(421, 9857883510),
(421, 9857883511),
(422, 9857883512),
(422, 9857883513),
(422, 9857883514),
(424, 9857883518),
(424, 9857883519),
(424, 9857883520),
(433, 9857883540),
(433, 9857883541),
(460, 9857883600),
(460, 9857883601),
(460, 9857883602),
(494, 9857883685),
(494, 9857883686),
(498, 9857883695),
(498, 9857883696),
(500, 9857883700),
(500, 9857883701),
(543, 9857883800),
(543, 9857883801),
(584, 9857883903),
(584, 9857883904),
(593, 9857883926),
(593, 9857883927),
(612, 9857883975),
(612, 9857883976),
(612, 9857883977),
(613, 9857883978),
(613, 9857883979),
(613, 9857883980),
(615, 9857883984),
(615, 9857883985),
(615, 9857883986),
(620, 9857883996),
(620, 9857883997),
(634, 9857884028),
(634, 9857884029),
(684, 9857884156),
(684, 9857884157),
(684, 9857884158),
(685, 9857884159),
(685, 9857884160),
(721, 9857884252),
(721, 9857884253),
(723, 9857884256),
(723, 9857884257),
(723, 9857884258),
(725, 9857884261),
(725, 9857884262),
(725, 9857884263),
(726, 9857884264),
(726, 9857884265),
(726, 9857884266),
(738, 9857884296),
(738, 9857884297),
(738, 9857884298),
(749, 9857884327),
(749, 9857884328),
(750, 9857884329),
(750, 9857884330),
(751, 9857884331),
(751, 9857884332),
(757, 9857884345),
(757, 9857884346),
(759, 9857884349),
(759, 9857884350),
(760, 9857884351),
(760, 9857884352),
(761, 9857884353),
(761, 9857884354),
(762, 9857884355),
(762, 9857884356),
(779, 9857884394),
(779, 9857884395),
(791, 9857884424),
(791, 9857884425),
(792, 9857884426),
(792, 9857884427),
(792, 9857884428),
(795, 9857884434),
(795, 9857884435),
(795, 9857884436),
(796, 9857884437),
(796, 9857884438),
(805, 9857884459),
(805, 9857884460),
(805, 9857884461),
(824, 9857884507),
(824, 9857884508),
(824, 9857884509),
(865, 9857884612),
(865, 9857884613),
(866, 9857884614),
(866, 9857884615),
(866, 9857884616),
(867, 9857884617),
(867, 9857884618),
(885, 9857884665),
(885, 9857884666),
(910, 9857884725),
(910, 9857884726),
(911, 9857884727),
(911, 9857884728),
(911, 9857884729),
(916, 9857884740),
(916, 9857884741),
(916, 9857884742),
(918, 9857884746),
(918, 9857884747),
(929, 9857884772),
(929, 9857884773),
(956, 9857884837),
(956, 9857884838),
(957, 9857884839),
(957, 9857884840),
(957, 9857884841),
(972, 9857884874),
(972, 9857884875),
(973, 9857884876),
(973, 9857884877),
(973, 9857884878),
(993, 9857884927),
(993, 9857884928),
(1001, 9857884946),
(1001, 9857884947),
(1394, 9857885916),
(1394, 9857885917),
(1394, 9857885918),
(1496, 9857886170),
(1496, 9857886171),
(1496, 9857886172),
(1498, 9857886176),
(1498, 9857886177),
(1499, 9857886178),
(1499, 9857886179),
(1502, 9857886185),
(1502, 9857886186),
(1504, 9857886189),
(1504, 9857886190),
(1507, 9857886195),
(1507, 9857886196),
(1508, 9857886197),
(1508, 9857886198),
(1508, 9857886199),
(1511, 9857886206),
(1511, 9857886207),
(1511, 9857886208),
(1512, 9857886209),
(1512, 9857886210),
(1513, 9857886211),
(1513, 9857886212),
(1514, 9857886213),
(1514, 9857886214),
(1515, 9857886215),
(1515, 9857886216),
(1515, 9857886217),
(1517, 9857886220),
(1517, 9857886221),
(1518, 9857886222),
(1518, 9857886223),
(1521, 9857886229),
(1521, 9857886230),
(1523, 9857886233),
(1523, 9857886234),
(1523, 9857886235),
(1524, 9857886236),
(1524, 9857886237),
(1529, 9857886247),
(1529, 9857886248),
(1529, 9857886249),
(1530, 9857886250),
(1530, 9857886251),
(1531, 9857886252),
(1531, 9857886253),
(1536, 9857886265),
(1536, 9857886266),
(1537, 9857886267),
(1537, 9857886268),
(1537, 9857886269),
(1538, 9857886270),
(1538, 9857886271),
(1542, 9857886279),
(1542, 9857886280),
(1542, 9857886281),
(1543, 9857886282),
(1543, 9857886283),
(1543, 9857886284),
(1547, 9857886294),
(1547, 9857886295),
(1547, 9857886296),
(1552, 9857886307),
(1552, 9857886308),
(1556, 9857886316),
(1556, 9857886317),
(1556, 9857886318),
(1561, 9857886328),
(1561, 9857886329),
(1562, 9857886330),
(1562, 9857886331),
(1562, 9857886332),
(1563, 9857886333),
(1563, 9857886334),
(1565, 9857886338),
(1565, 9857886339),
(1565, 9857886340),
(1571, 9857886353),
(1571, 9857886354),
(1571, 9857886355),
(1572, 9857886356),
(1572, 9857886357),
(1572, 9857886358),
(1576, 9857886366),
(1576, 9857886367),
(1576, 9857886368),
(1579, 9857886375),
(1579, 9857886376),
(1579, 9857886377),
(1583, 9857886386),
(1583, 9857886387),
(1584, 9857886388),
(1584, 9857886389),
(1584, 9857886390),
(1585, 9857886391),
(1585, 9857886392),
(1585, 9857886393),
(1586, 9857886394),
(1586, 9857886395),
(1586, 9857886396),
(1587, 9857886397),
(1587, 9857886398),
(1588, 9857886399),
(1588, 9857886400),
(1588, 9857886401),
(1590, 9857886405),
(1590, 9857886406),
(1591, 9857886407),
(1591, 9857886408),
(1592, 9857886409),
(1592, 9857886410),
(1592, 9857886411),
(1594, 9857886415),
(1594, 9857886416),
(1594, 9857886417),
(1595, 9857886418),
(1595, 9857886419),
(1596, 9857886420),
(1596, 9857886421),
(1597, 9857886422),
(1597, 9857886423),
(1598, 9857886424),
(1598, 9857886425),
(1598, 9857886426),
(1599, 9857886427),
(1599, 9857886428),
(1599, 9857886429),
(1600, 9857886430),
(1600, 9857886431),
(1601, 9857886432),
(1601, 9857886433),
(1601, 9857886434),
(1603, 9857886438),
(1603, 9857886439),
(1603, 9857886440),
(1606, 9857886446),
(1606, 9857886447),
(1606, 9857886448),
(1608, 9857886451),
(1608, 9857886452),
(1608, 9857886453),
(1609, 9857886454),
(1609, 9857886455),
(1610, 9857886456),
(1610, 9857886457),
(1610, 9857886458),
(1614, 9857886465),
(1614, 9857886466),
(1614, 9857886467),
(1615, 9857886468),
(1615, 9857886469),
(1616, 9857886470),
(1616, 9857886471),
(1616, 9857886472),
(1617, 9857886473),
(1617, 9857886474),
(1620, 9857886480),
(1620, 9857886481),
(1620, 9857886482),
(1625, 9857886494),
(1625, 9857886495),
(1626, 9857886496),
(1626, 9857886497),
(1626, 9857886498),
(1628, 9857886501),
(1628, 9857886502),
(1629, 9857886503),
(1629, 9857886504),
(1631, 9857886507),
(1631, 9857886508),
(1631, 9857886509),
(1632, 9857886510),
(1632, 9857886511),
(1632, 9857886512),
(1637, 9857886523),
(1637, 9857886524),
(1637, 9857886525),
(1642, 9857886537),
(1642, 9857886538),
(1642, 9857886539),
(1645, 9857886545),
(1645, 9857886546),
(1659, 9857886581),
(1659, 9857886582),
(1659, 9857886583),
(1663, 9857886592),
(1663, 9857886593),
(1664, 9857886594),
(1664, 9857886595),
(1665, 9857886596),
(1665, 9857886597),
(1667, 9857886601),
(1667, 9857886602),
(1667, 9857886603),
(1669, 9857886607),
(1669, 9857886608),
(1671, 9857886611),
(1671, 9857886612),
(1673, 9857886615),
(1673, 9857886616),
(1673, 9857886617),
(1676, 9857886622),
(1676, 9857886623),
(1676, 9857886624),
(1677, 9857886625),
(1677, 9857886626),
(1681, 9857886635),
(1681, 9857886636),
(1681, 9857886637),
(1684, 9857886643),
(1684, 9857886644),
(1684, 9857886645),
(1687, 9857886651),
(1687, 9857886652),
(1688, 9857886653),
(1688, 9857886654),
(1689, 9857886655),
(1689, 9857886656),
(1689, 9857886657),
(1692, 9857886663),
(1692, 9857886664),
(1699, 9857886679),
(1699, 9857886680),
(1702, 9857886687),
(1702, 9857886688),
(1703, 9857886689),
(1703, 9857886690),
(1704, 9857886691),
(1704, 9857886692),
(1704, 9857886693),
(1705, 9857886694),
(1705, 9857886695),
(1707, 9857886699),
(1707, 9857886700),
(1708, 9857886701),
(1708, 9857886702),
(1708, 9857886703),
(1713, 9857886715),
(1713, 9857886716),
(1713, 9857886717),
(1715, 9857886721),
(1715, 9857886722),
(1715, 9857886723),
(1719, 9857886731),
(1719, 9857886732),
(1720, 9857886733),
(1720, 9857886734),
(1720, 9857886735),
(1721, 9857886736),
(1721, 9857886737),
(1727, 9857886751),
(1727, 9857886752),
(1729, 9857886755),
(1729, 9857886756),
(1731, 9857886759),
(1731, 9857886760),
(1731, 9857886761),
(1732, 9857886762),
(1732, 9857886763),
(1732, 9857886764),
(1734, 9857886768),
(1734, 9857886769),
(1734, 9857886770),
(1736, 9857886773),
(1736, 9857886774),
(1739, 9857886780),
(1739, 9857886781),
(1743, 9857886789),
(1743, 9857886790),
(1743, 9857886791),
(1745, 9857886794),
(1745, 9857886795),
(1749, 9857886804),
(1749, 9857886805),
(1749, 9857886806),
(1752, 9857886812),
(1752, 9857886813),
(1753, 9857886814),
(1753, 9857886815),
(1753, 9857886816),
(1755, 9857886819),
(1755, 9857886820),
(1756, 9857886821),
(1756, 9857886822),
(1756, 9857886823),
(1760, 9857886830),
(1760, 9857886831),
(1764, 9857886841),
(1764, 9857886842),
(1767, 9857886847),
(1767, 9857886848),
(1768, 9857886849),
(1768, 9857886850),
(1768, 9857886851),
(1775, 9857886868),
(1775, 9857886869),
(1775, 9857886870),
(1778, 9857886876),
(1778, 9857886877),
(1784, 9857886890),
(1784, 9857886891),
(1784, 9857886892),
(1785, 9857886893),
(1785, 9857886894),
(1786, 9857886895),
(1786, 9857886896),
(1786, 9857886897),
(1789, 9857886904),
(1789, 9857886905),
(1790, 9857886906),
(1790, 9857886907),
(1801, 9857886934),
(1801, 9857886935),
(1802, 9857886936),
(1802, 9857886937),
(1802, 9857886938),
(1803, 9857886939),
(1803, 9857886940),
(1803, 9857886941),
(1807, 9857886949),
(1807, 9857886950),
(1811, 9857886960),
(1811, 9857886961),
(1811, 9857886962),
(1830, 9857887008),
(1830, 9857887009),
(1831, 9857887010),
(1831, 9857887011),
(1839, 9857887029),
(1839, 9857887030),
(1839, 9857887031),
(1844, 9857887041),
(1844, 9857887042),
(1844, 9857887043),
(1847, 9857887049),
(1847, 9857887050),
(1847, 9857887051),
(1848, 9857887052),
(1848, 9857887053),
(1848, 9857887054),
(1851, 9857887061),
(1851, 9857887062),
(1851, 9857887063),
(1854, 9857887068),
(1854, 9857887069),
(1855, 9857887070),
(1855, 9857887071),
(1855, 9857887072),
(1857, 9857887076),
(1857, 9857887077),
(1865, 9857887095),
(1865, 9857887096),
(1865, 9857887097),
(1876, 9857887123),
(1876, 9857887124),
(1886, 9857887146),
(1886, 9857887147),
(1886, 9857887148),
(1936, 9857887274),
(1936, 9857887275),
(1936, 9857887276),
(2679, 9857889135),
(2679, 9857889136),
(2816, 9857889479),
(2816, 9857889480),
(2821, 9857889490),
(2821, 9857889491);

-- --------------------------------------------------------

--
-- Table structure for table `review`
--

CREATE TABLE `review` (
  `resv_id` int(11) NOT NULL,
  `rest_id` int(11) NOT NULL,
  `user_id` varchar(15) NOT NULL,
  `date_time` datetime NOT NULL DEFAULT CURRENT_TIMESTAMP ON UPDATE CURRENT_TIMESTAMP,
  `comment` text NOT NULL,
  `rating` decimal(10,0) NOT NULL
) ENGINE=InnoDB DEFAULT CHARSET=latin1;

-- --------------------------------------------------------

--
-- Table structure for table `tables`
--

CREATE TABLE `tables` (
  `rest_id` int(11) NOT NULL,
  `size` smallint(5) NOT NULL,
  `quantity` smallint(5) NOT NULL
) ENGINE=InnoDB DEFAULT CHARSET=utf8;

--
-- Dumping data for table `tables`
--

INSERT INTO `tables` (`rest_id`, `size`, `quantity`) VALUES
(225, 2, 7),
(225, 4, 7),
(225, 6, 3),
(225, 8, 1),
(241, 2, 9),
(241, 4, 6),
(241, 6, 4),
(241, 8, 3),
(260, 2, 8),
(260, 4, 5),
(260, 6, 4),
(260, 8, 2),
(261, 2, 7),
(261, 4, 5),
(261, 6, 4),
(261, 8, 3),
(263, 2, 8),
(263, 4, 7),
(263, 6, 3),
(263, 8, 3),
(281, 2, 8),
(281, 4, 6),
(281, 6, 3),
(281, 8, 1),
(284, 2, 9),
(284, 4, 5),
(284, 6, 3),
(284, 8, 2),
(291, 2, 9),
(291, 4, 5),
(291, 6, 3),
(291, 8, 2),
(300, 2, 7),
(300, 4, 5),
(300, 6, 5),
(300, 8, 1),
(306, 2, 8),
(306, 4, 5),
(306, 6, 5),
(306, 8, 3),
(307, 2, 9),
(307, 4, 5),
(307, 6, 5),
(307, 8, 2),
(309, 2, 7),
(309, 4, 6),
(309, 6, 5),
(309, 8, 2),
(315, 2, 8),
(315, 4, 5),
(315, 6, 4),
(315, 8, 1),
(320, 2, 7),
(320, 4, 5),
(320, 6, 5),
(320, 8, 3),
(322, 2, 8),
(322, 4, 5),
(322, 6, 4),
(322, 8, 1),
(344, 2, 9),
(344, 4, 5),
(344, 6, 5),
(344, 8, 3),
(349, 2, 8),
(349, 4, 7),
(349, 6, 5),
(349, 8, 2),
(360, 2, 8),
(360, 4, 6),
(360, 6, 5),
(360, 8, 2),
(365, 2, 8),
(365, 4, 6),
(365, 6, 3),
(365, 8, 3),
(375, 2, 7),
(375, 4, 6),
(375, 6, 3),
(375, 8, 3),
(377, 2, 7),
(377, 4, 6),
(377, 6, 3),
(377, 8, 1),
(381, 2, 8),
(381, 4, 5),
(381, 6, 3),
(381, 8, 1),
(383, 2, 7),
(383, 4, 5),
(383, 6, 3),
(383, 8, 2),
(384, 2, 7),
(384, 4, 7),
(384, 6, 5),
(384, 8, 3),
(388, 2, 7),
(388, 4, 5),
(388, 6, 3),
(388, 8, 2),
(390, 2, 8),
(390, 4, 5),
(390, 6, 3),
(390, 8, 2),
(395, 2, 7),
(395, 4, 6),
(395, 6, 4),
(395, 8, 1),
(398, 2, 7),
(398, 4, 7),
(398, 6, 5),
(398, 8, 3),
(405, 2, 8),
(405, 4, 5),
(405, 6, 3),
(405, 8, 2),
(409, 2, 7),
(409, 4, 7),
(409, 6, 5),
(409, 8, 1),
(416, 2, 7),
(416, 4, 6),
(416, 6, 3),
(416, 8, 1),
(421, 2, 8),
(421, 4, 6),
(421, 6, 3),
(421, 8, 2),
(422, 2, 9),
(422, 4, 7),
(422, 6, 4),
(422, 8, 1),
(424, 2, 7),
(424, 4, 6),
(424, 6, 4),
(424, 8, 2),
(433, 2, 9),
(433, 4, 7),
(433, 6, 5),
(433, 8, 1),
(460, 2, 8),
(460, 4, 7),
(460, 6, 3),
(460, 8, 1),
(494, 2, 8),
(494, 4, 7),
(494, 6, 4),
(494, 8, 2),
(498, 2, 8),
(498, 4, 7),
(498, 6, 3),
(498, 8, 1),
(500, 2, 9),
(500, 4, 6),
(500, 6, 5),
(500, 8, 1),
(543, 2, 9),
(543, 4, 5),
(543, 6, 3),
(543, 8, 3),
(584, 2, 8),
(584, 4, 7),
(584, 6, 5),
(584, 8, 3),
(593, 2, 7),
(593, 4, 7),
(593, 6, 3),
(593, 8, 1),
(612, 2, 8),
(612, 4, 7),
(612, 6, 5),
(612, 8, 3),
(613, 2, 7),
(613, 4, 7),
(613, 6, 3),
(613, 8, 3),
(615, 2, 7),
(615, 4, 7),
(615, 6, 3),
(615, 8, 1),
(620, 2, 7),
(620, 4, 5),
(620, 6, 5),
(620, 8, 3),
(634, 2, 8),
(634, 4, 5),
(634, 6, 4),
(634, 8, 1),
(684, 2, 7),
(684, 4, 6),
(684, 6, 4),
(684, 8, 2),
(685, 2, 9),
(685, 4, 6),
(685, 6, 5),
(685, 8, 1),
(721, 2, 8),
(721, 4, 5),
(721, 6, 5),
(721, 8, 1),
(723, 2, 9),
(723, 4, 7),
(723, 6, 5),
(723, 8, 1),
(725, 2, 8),
(725, 4, 6),
(725, 6, 4),
(725, 8, 2),
(726, 2, 9),
(726, 4, 6),
(726, 6, 4),
(726, 8, 3),
(738, 2, 8),
(738, 4, 6),
(738, 6, 4),
(738, 8, 2),
(749, 2, 9),
(749, 4, 6),
(749, 6, 4),
(749, 8, 2),
(750, 2, 7),
(750, 4, 5),
(750, 6, 4),
(750, 8, 1),
(751, 2, 9),
(751, 4, 6),
(751, 6, 3),
(751, 8, 2),
(757, 2, 8),
(757, 4, 7),
(757, 6, 4),
(757, 8, 3),
(759, 2, 9),
(759, 4, 6),
(759, 6, 3),
(759, 8, 1),
(760, 2, 9),
(760, 4, 5),
(760, 6, 4),
(760, 8, 2),
(761, 2, 7),
(761, 4, 7),
(761, 6, 5),
(761, 8, 2),
(762, 2, 7),
(762, 4, 6),
(762, 6, 5),
(762, 8, 2),
(779, 2, 9),
(779, 4, 7),
(779, 6, 4),
(779, 8, 2),
(791, 2, 7),
(791, 4, 6),
(791, 6, 4),
(791, 8, 2),
(792, 2, 9),
(792, 4, 6),
(792, 6, 4),
(792, 8, 3),
(795, 2, 7),
(795, 4, 7),
(795, 6, 4),
(795, 8, 3),
(796, 2, 8),
(796, 4, 6),
(796, 6, 3),
(796, 8, 2),
(805, 2, 7),
(805, 4, 5),
(805, 6, 5),
(805, 8, 2),
(824, 2, 8),
(824, 4, 6),
(824, 6, 4),
(824, 8, 3),
(865, 2, 7),
(865, 4, 6),
(865, 6, 3),
(865, 8, 3),
(866, 2, 8),
(866, 4, 6),
(866, 6, 5),
(866, 8, 1),
(867, 2, 9),
(867, 4, 7),
(867, 6, 5),
(867, 8, 1),
(885, 2, 7),
(885, 4, 7),
(885, 6, 5),
(885, 8, 2),
(910, 2, 8),
(910, 4, 7),
(910, 6, 5),
(910, 8, 3),
(911, 2, 8),
(911, 4, 6),
(911, 6, 5),
(911, 8, 2),
(916, 2, 8),
(916, 4, 6),
(916, 6, 4),
(916, 8, 1),
(918, 2, 7),
(918, 4, 7),
(918, 6, 4),
(918, 8, 1),
(929, 2, 7),
(929, 4, 7),
(929, 6, 3),
(929, 8, 3),
(956, 2, 9),
(956, 4, 7),
(956, 6, 5),
(956, 8, 1),
(957, 2, 7),
(957, 4, 5),
(957, 6, 5),
(957, 8, 1),
(972, 2, 9),
(972, 4, 6),
(972, 6, 3),
(972, 8, 2),
(973, 2, 8),
(973, 4, 7),
(973, 6, 5),
(973, 8, 1),
(993, 2, 9),
(993, 4, 7),
(993, 6, 5),
(993, 8, 3),
(1001, 2, 8),
(1001, 4, 6),
(1001, 6, 4),
(1001, 8, 2),
(1394, 2, 8),
(1394, 4, 7),
(1394, 6, 5),
(1394, 8, 3),
(1496, 2, 8),
(1496, 4, 7),
(1496, 6, 5),
(1496, 8, 2),
(1498, 2, 8),
(1498, 4, 5),
(1498, 6, 5),
(1498, 8, 2),
(1499, 2, 8),
(1499, 4, 6),
(1499, 6, 3),
(1499, 8, 2),
(1502, 2, 9),
(1502, 4, 6),
(1502, 6, 4),
(1502, 8, 1),
(1504, 2, 8),
(1504, 4, 5),
(1504, 6, 3),
(1504, 8, 2),
(1507, 2, 7),
(1507, 4, 7),
(1507, 6, 5),
(1507, 8, 1),
(1508, 2, 7),
(1508, 4, 6),
(1508, 6, 5),
(1508, 8, 1),
(1511, 2, 8),
(1511, 4, 7),
(1511, 6, 5),
(1511, 8, 1),
(1512, 2, 9),
(1512, 4, 7),
(1512, 6, 3),
(1512, 8, 1),
(1513, 2, 9),
(1513, 4, 5),
(1513, 6, 3),
(1513, 8, 3),
(1514, 2, 9),
(1514, 4, 5),
(1514, 6, 5),
(1514, 8, 1),
(1515, 2, 8),
(1515, 4, 5),
(1515, 6, 3),
(1515, 8, 3),
(1517, 2, 8),
(1517, 4, 7),
(1517, 6, 3),
(1517, 8, 1),
(1518, 2, 7),
(1518, 4, 5),
(1518, 6, 5),
(1518, 8, 3),
(1521, 2, 7),
(1521, 4, 7),
(1521, 6, 4),
(1521, 8, 1),
(1523, 2, 7),
(1523, 4, 7),
(1523, 6, 4),
(1523, 8, 3),
(1524, 2, 8),
(1524, 4, 6),
(1524, 6, 4),
(1524, 8, 1),
(1529, 2, 8),
(1529, 4, 5),
(1529, 6, 4),
(1529, 8, 3),
(1530, 2, 9),
(1530, 4, 7),
(1530, 6, 4),
(1530, 8, 2),
(1531, 2, 8),
(1531, 4, 6),
(1531, 6, 4),
(1531, 8, 2),
(1536, 2, 7),
(1536, 4, 5),
(1536, 6, 3),
(1536, 8, 3),
(1537, 2, 7),
(1537, 4, 5),
(1537, 6, 5),
(1537, 8, 3),
(1538, 2, 7),
(1538, 4, 6),
(1538, 6, 5),
(1538, 8, 2),
(1542, 2, 7),
(1542, 4, 6),
(1542, 6, 5),
(1542, 8, 1),
(1543, 2, 8),
(1543, 4, 7),
(1543, 6, 3),
(1543, 8, 1),
(1547, 2, 9),
(1547, 4, 5),
(1547, 6, 4),
(1547, 8, 2),
(1552, 2, 9),
(1552, 4, 5),
(1552, 6, 4),
(1552, 8, 3),
(1556, 2, 7),
(1556, 4, 7),
(1556, 6, 3),
(1556, 8, 1),
(1561, 2, 7),
(1561, 4, 5),
(1561, 6, 3),
(1561, 8, 1),
(1562, 2, 8),
(1562, 4, 7),
(1562, 6, 4),
(1562, 8, 3),
(1563, 2, 7),
(1563, 4, 7),
(1563, 6, 3),
(1563, 8, 3),
(1565, 2, 9),
(1565, 4, 7),
(1565, 6, 4),
(1565, 8, 2),
(1571, 2, 7),
(1571, 4, 5),
(1571, 6, 4),
(1571, 8, 3),
(1572, 2, 7),
(1572, 4, 6),
(1572, 6, 5),
(1572, 8, 2),
(1576, 2, 7),
(1576, 4, 6),
(1576, 6, 5),
(1576, 8, 3),
(1579, 2, 7),
(1579, 4, 5),
(1579, 6, 5),
(1579, 8, 1),
(1583, 2, 8),
(1583, 4, 6),
(1583, 6, 3),
(1583, 8, 3),
(1584, 2, 7),
(1584, 4, 5),
(1584, 6, 3),
(1584, 8, 1),
(1585, 2, 8),
(1585, 4, 7),
(1585, 6, 4),
(1585, 8, 1),
(1586, 2, 9),
(1586, 4, 5),
(1586, 6, 5),
(1586, 8, 2),
(1587, 2, 8),
(1587, 4, 6),
(1587, 6, 5),
(1587, 8, 3),
(1588, 2, 7),
(1588, 4, 7),
(1588, 6, 4),
(1588, 8, 2),
(1590, 2, 8),
(1590, 4, 7),
(1590, 6, 3),
(1590, 8, 1),
(1591, 2, 7),
(1591, 4, 7),
(1591, 6, 4),
(1591, 8, 1),
(1592, 2, 7),
(1592, 4, 7),
(1592, 6, 5),
(1592, 8, 1),
(1594, 2, 7),
(1594, 4, 6),
(1594, 6, 3),
(1594, 8, 2),
(1595, 2, 8),
(1595, 4, 7),
(1595, 6, 3),
(1595, 8, 1),
(1596, 2, 7),
(1596, 4, 6),
(1596, 6, 4),
(1596, 8, 3),
(1597, 2, 8),
(1597, 4, 7),
(1597, 6, 4),
(1597, 8, 2),
(1598, 2, 7),
(1598, 4, 7),
(1598, 6, 5),
(1598, 8, 3),
(1599, 2, 8),
(1599, 4, 7),
(1599, 6, 3),
(1599, 8, 1),
(1600, 2, 9),
(1600, 4, 7),
(1600, 6, 4),
(1600, 8, 1),
(1601, 2, 8),
(1601, 4, 6),
(1601, 6, 3),
(1601, 8, 1),
(1603, 2, 9),
(1603, 4, 7),
(1603, 6, 4),
(1603, 8, 2),
(1606, 2, 9),
(1606, 4, 6),
(1606, 6, 3),
(1606, 8, 3),
(1608, 2, 7),
(1608, 4, 7),
(1608, 6, 4),
(1608, 8, 1),
(1609, 2, 7),
(1609, 4, 7),
(1609, 6, 5),
(1609, 8, 1),
(1610, 2, 9),
(1610, 4, 5),
(1610, 6, 3),
(1610, 8, 1),
(1614, 2, 9),
(1614, 4, 6),
(1614, 6, 4),
(1614, 8, 3),
(1615, 2, 9),
(1615, 4, 5),
(1615, 6, 5),
(1615, 8, 1),
(1616, 2, 8),
(1616, 4, 6),
(1616, 6, 3),
(1616, 8, 1),
(1617, 2, 8),
(1617, 4, 5),
(1617, 6, 3),
(1617, 8, 2),
(1620, 2, 7),
(1620, 4, 5),
(1620, 6, 4),
(1620, 8, 1),
(1625, 2, 9),
(1625, 4, 5),
(1625, 6, 5),
(1625, 8, 3),
(1626, 2, 7),
(1626, 4, 7),
(1626, 6, 3),
(1626, 8, 2),
(1628, 2, 9),
(1628, 4, 7),
(1628, 6, 3),
(1628, 8, 3),
(1629, 2, 7),
(1629, 4, 7),
(1629, 6, 4),
(1629, 8, 2),
(1631, 2, 7),
(1631, 4, 6),
(1631, 6, 5),
(1631, 8, 1),
(1632, 2, 8),
(1632, 4, 6),
(1632, 6, 3),
(1632, 8, 2),
(1637, 2, 8),
(1637, 4, 5),
(1637, 6, 5),
(1637, 8, 3),
(1642, 2, 7),
(1642, 4, 7),
(1642, 6, 3),
(1642, 8, 2),
(1645, 2, 8),
(1645, 4, 7),
(1645, 6, 5),
(1645, 8, 3),
(1659, 2, 8),
(1659, 4, 6),
(1659, 6, 4),
(1659, 8, 3),
(1663, 2, 9),
(1663, 4, 5),
(1663, 6, 3),
(1663, 8, 2),
(1664, 2, 8),
(1664, 4, 6),
(1664, 6, 4),
(1664, 8, 2),
(1665, 2, 9),
(1665, 4, 7),
(1665, 6, 5),
(1665, 8, 2),
(1667, 2, 7),
(1667, 4, 6),
(1667, 6, 4),
(1667, 8, 3),
(1669, 2, 9),
(1669, 4, 5),
(1669, 6, 4),
(1669, 8, 2),
(1671, 2, 9),
(1671, 4, 6),
(1671, 6, 4),
(1671, 8, 1),
(1673, 2, 7),
(1673, 4, 7),
(1673, 6, 5),
(1673, 8, 1),
(1676, 2, 9),
(1676, 4, 7),
(1676, 6, 4),
(1676, 8, 1),
(1677, 2, 9),
(1677, 4, 5),
(1677, 6, 5),
(1677, 8, 3),
(1681, 2, 9),
(1681, 4, 5),
(1681, 6, 4),
(1681, 8, 3),
(1684, 2, 9),
(1684, 4, 5),
(1684, 6, 3),
(1684, 8, 2),
(1687, 2, 8),
(1687, 4, 6),
(1687, 6, 5),
(1687, 8, 1),
(1688, 2, 7),
(1688, 4, 7),
(1688, 6, 5),
(1688, 8, 2),
(1689, 2, 8),
(1689, 4, 6),
(1689, 6, 5),
(1689, 8, 3),
(1692, 2, 9),
(1692, 4, 6),
(1692, 6, 5),
(1692, 8, 1),
(1699, 2, 9),
(1699, 4, 6),
(1699, 6, 4),
(1699, 8, 2),
(1702, 2, 7),
(1702, 4, 7),
(1702, 6, 4),
(1702, 8, 1),
(1703, 2, 8),
(1703, 4, 6),
(1703, 6, 4),
(1703, 8, 2),
(1704, 2, 7),
(1704, 4, 6),
(1704, 6, 5),
(1704, 8, 1),
(1705, 2, 9),
(1705, 4, 6),
(1705, 6, 5),
(1705, 8, 1),
(1707, 2, 8),
(1707, 4, 5),
(1707, 6, 3),
(1707, 8, 1),
(1708, 2, 8),
(1708, 4, 7),
(1708, 6, 3),
(1708, 8, 1),
(1713, 2, 8),
(1713, 4, 5),
(1713, 6, 5),
(1713, 8, 3),
(1715, 2, 7),
(1715, 4, 5),
(1715, 6, 3),
(1715, 8, 1),
(1719, 2, 7),
(1719, 4, 6),
(1719, 6, 5),
(1719, 8, 3),
(1720, 2, 7),
(1720, 4, 5),
(1720, 6, 4),
(1720, 8, 2),
(1721, 2, 9),
(1721, 4, 7),
(1721, 6, 5),
(1721, 8, 2),
(1727, 2, 9),
(1727, 4, 6),
(1727, 6, 4),
(1727, 8, 2),
(1729, 2, 9),
(1729, 4, 6),
(1729, 6, 5),
(1729, 8, 2),
(1731, 2, 8),
(1731, 4, 6),
(1731, 6, 3),
(1731, 8, 3),
(1732, 2, 7),
(1732, 4, 5),
(1732, 6, 5),
(1732, 8, 3),
(1734, 2, 9),
(1734, 4, 7),
(1734, 6, 4),
(1734, 8, 3),
(1736, 2, 8),
(1736, 4, 6),
(1736, 6, 3),
(1736, 8, 1),
(1739, 2, 7),
(1739, 4, 6),
(1739, 6, 4),
(1739, 8, 3),
(1743, 2, 8),
(1743, 4, 6),
(1743, 6, 4),
(1743, 8, 2),
(1745, 2, 7),
(1745, 4, 7),
(1745, 6, 4),
(1745, 8, 1),
(1749, 2, 9),
(1749, 4, 6),
(1749, 6, 5),
(1749, 8, 1),
(1752, 2, 9),
(1752, 4, 5),
(1752, 6, 3),
(1752, 8, 1),
(1753, 2, 7),
(1753, 4, 6),
(1753, 6, 3),
(1753, 8, 1),
(1755, 2, 7),
(1755, 4, 7),
(1755, 6, 4),
(1755, 8, 1),
(1756, 2, 8),
(1756, 4, 7),
(1756, 6, 3),
(1756, 8, 2),
(1760, 2, 8),
(1760, 4, 7),
(1760, 6, 3),
(1760, 8, 2),
(1764, 2, 9),
(1764, 4, 6),
(1764, 6, 5),
(1764, 8, 1),
(1767, 2, 7),
(1767, 4, 5),
(1767, 6, 4),
(1767, 8, 2),
(1768, 2, 8),
(1768, 4, 6),
(1768, 6, 4),
(1768, 8, 1),
(1775, 2, 7),
(1775, 4, 6),
(1775, 6, 3),
(1775, 8, 2),
(1778, 2, 7),
(1778, 4, 6),
(1778, 6, 4),
(1778, 8, 1),
(1784, 2, 8),
(1784, 4, 6),
(1784, 6, 3),
(1784, 8, 3),
(1785, 2, 8),
(1785, 4, 7),
(1785, 6, 4),
(1785, 8, 1),
(1786, 2, 7),
(1786, 4, 7),
(1786, 6, 4),
(1786, 8, 1),
(1789, 2, 9),
(1789, 4, 6),
(1789, 6, 4),
(1789, 8, 3),
(1790, 2, 8),
(1790, 4, 7),
(1790, 6, 3),
(1790, 8, 3),
(1801, 2, 7),
(1801, 4, 7),
(1801, 6, 4),
(1801, 8, 1),
(1802, 2, 7),
(1802, 4, 6),
(1802, 6, 4),
(1802, 8, 1),
(1803, 2, 9),
(1803, 4, 7),
(1803, 6, 5),
(1803, 8, 3),
(1807, 2, 8),
(1807, 4, 6),
(1807, 6, 5),
(1807, 8, 3),
(1811, 2, 7),
(1811, 4, 6),
(1811, 6, 4),
(1811, 8, 3),
(1830, 2, 9),
(1830, 4, 7),
(1830, 6, 4),
(1830, 8, 2),
(1831, 2, 8),
(1831, 4, 6),
(1831, 6, 3),
(1831, 8, 2),
(1839, 2, 8),
(1839, 4, 7),
(1839, 6, 3),
(1839, 8, 3),
(1844, 2, 7),
(1844, 4, 7),
(1844, 6, 4),
(1844, 8, 3),
(1847, 2, 9),
(1847, 4, 6),
(1847, 6, 4),
(1847, 8, 3),
(1848, 2, 9),
(1848, 4, 5),
(1848, 6, 3),
(1848, 8, 1),
(1851, 2, 7),
(1851, 4, 6),
(1851, 6, 3),
(1851, 8, 2),
(1854, 2, 9),
(1854, 4, 7),
(1854, 6, 4),
(1854, 8, 1),
(1855, 2, 8),
(1855, 4, 7),
(1855, 6, 5),
(1855, 8, 2),
(1857, 2, 8),
(1857, 4, 7),
(1857, 6, 3),
(1857, 8, 3),
(1865, 2, 9),
(1865, 4, 6),
(1865, 6, 4),
(1865, 8, 1),
(1876, 2, 8),
(1876, 4, 7),
(1876, 6, 4),
(1876, 8, 2),
(1886, 2, 9),
(1886, 4, 5),
(1886, 6, 3),
(1886, 8, 3),
(1936, 2, 8),
(1936, 4, 5),
(1936, 6, 3),
(1936, 8, 2),
(2679, 2, 8),
(2679, 4, 5),
(2679, 6, 5),
(2679, 8, 2),
(2816, 2, 9),
(2816, 4, 5),
(2816, 6, 4),
(2816, 8, 2),
(2821, 2, 7),
(2821, 4, 5),
(2821, 6, 5),
(2821, 8, 3);

--
-- Indexes for dumped tables
--

--
-- Indexes for table `menu`
--
ALTER TABLE `menu`
  ADD PRIMARY KEY (`rest_id`);

--
-- Indexes for table `person`
--
ALTER TABLE `person`
  ADD PRIMARY KEY (`user_id`),
  ADD KEY `user_id` (`user_id`),
  ADD KEY `pwd` (`pwd`);

--
-- Indexes for table `reservations`
--
ALTER TABLE `reservations`
  ADD PRIMARY KEY (`resv_id`),
  ADD KEY `rest_id` (`rest_id`),
  ADD KEY `user_id` (`user_id`);

--
-- Indexes for table `rest`
--
ALTER TABLE `rest`
  ADD PRIMARY KEY (`rest_id`),
  ADD KEY `mgr_id` (`mgr_id`),
  ADD KEY `rec_id` (`rec_id`);

--
-- Indexes for table `rest_contact`
--
ALTER TABLE `rest_contact`
  ADD UNIQUE KEY `contact` (`contact`),
  ADD KEY `rest_id` (`rest_id`);

--
-- Indexes for table `review`
--
ALTER TABLE `review`
  ADD PRIMARY KEY (`resv_id`),
  ADD KEY `user_id` (`user_id`),
  ADD KEY `rest_id` (`rest_id`);

--
-- Indexes for table `tables`
--
ALTER TABLE `tables`
  ADD PRIMARY KEY (`rest_id`,`size`);

--
-- AUTO_INCREMENT for dumped tables
--

--
-- AUTO_INCREMENT for table `reservations`
--
ALTER TABLE `reservations`
  MODIFY `resv_id` int(10) UNSIGNED NOT NULL AUTO_INCREMENT;

--
-- AUTO_INCREMENT for table `rest`
--
ALTER TABLE `rest`
  MODIFY `rest_id` int(11) NOT NULL AUTO_INCREMENT, AUTO_INCREMENT=2828;

--
-- Constraints for dumped tables
--

--
-- Constraints for table `menu`
--
ALTER TABLE `menu`
  ADD CONSTRAINT `menu_ibfk_1` FOREIGN KEY (`rest_id`) REFERENCES `restaurant` (`rest_id`);

--
-- Constraints for table `reservations`
--
ALTER TABLE `reservations`
  ADD CONSTRAINT `reservations_ibfk_1` FOREIGN KEY (`rest_id`) REFERENCES `restaurant` (`rest_id`),
  ADD CONSTRAINT `reservations_ibfk_2` FOREIGN KEY (`user_id`) REFERENCES `person` (`user_id`),
  ADD CONSTRAINT `reservations_ibfk_3` FOREIGN KEY (`rest_id`) REFERENCES `rest` (`rest_id`),
  ADD CONSTRAINT `reservations_ibfk_4` FOREIGN KEY (`user_id`) REFERENCES `person` (`user_id`);

--
-- Constraints for table `rest`
--
ALTER TABLE `rest`
  ADD CONSTRAINT `rest_ibfk_1` FOREIGN KEY (`mgr_id`) REFERENCES `person` (`user_id`),
  ADD CONSTRAINT `rest_ibfk_2` FOREIGN KEY (`rec_id`) REFERENCES `person` (`user_id`);

--
-- Constraints for table `rest_contact`
--
ALTER TABLE `rest_contact`
  ADD CONSTRAINT `rest_contact_ibfk_1` FOREIGN KEY (`rest_id`) REFERENCES `rest` (`rest_id`),
  ADD CONSTRAINT `rest_contact_ibfk_2` FOREIGN KEY (`rest_id`) REFERENCES `rest` (`rest_id`);

--
-- Constraints for table `review`
--
ALTER TABLE `review`
  ADD CONSTRAINT `review_ibfk_1` FOREIGN KEY (`user_id`) REFERENCES `person` (`user_id`),
  ADD CONSTRAINT `review_ibfk_2` FOREIGN KEY (`rest_id`) REFERENCES `restaurant` (`rest_id`),
  ADD CONSTRAINT `review_ibfk_3` FOREIGN KEY (`rest_id`) REFERENCES `rest` (`rest_id`),
  ADD CONSTRAINT `review_ibfk_4` FOREIGN KEY (`user_id`) REFERENCES `person` (`user_id`);

--
-- Constraints for table `tables`
--
ALTER TABLE `tables`
  ADD CONSTRAINT `tables_ibfk_1` FOREIGN KEY (`rest_id`) REFERENCES `rest` (`rest_id`),
  ADD CONSTRAINT `tables_ibfk_2` FOREIGN KEY (`rest_id`) REFERENCES `rest` (`rest_id`);
COMMIT;

/*!40101 SET CHARACTER_SET_CLIENT=@OLD_CHARACTER_SET_CLIENT */;
/*!40101 SET CHARACTER_SET_RESULTS=@OLD_CHARACTER_SET_RESULTS */;
/*!40101 SET COLLATION_CONNECTION=@OLD_COLLATION_CONNECTION */;
